row_id,contractor,permit_type,block,permit_no,start_date_raw,end_date_raw,purpose,start_date,end_date,duration_days,flag_missing_start,flag_missing_end,flag_bad_format,flag_end_before_start,flag_dup_permit_no,active_today,start_filled,date_corrected,permit_type_std,group
1,Tullow Ghana Limited,Registration Permit,West Cape Three Points,PC/000057/A/04-13,02/04/2013,01/04/2014,Permit to undertake Exploration and Development and Production,2013-04-02,2014-04-01,364.0,False,False,False,False,True,False,False,False,Registration Permit,TULLOW
2,Kosmos Energy Ghana HC,Registration Permit,West Cape Three Points,PC/000066/A/04-13,10/04/2013,09/04/2014,Permit to undertake Exploration and Development and Production,2013-04-10,2014-04-09,364.0,False,False,False,False,True,False,False,False,Registration Permit,KOSMOS
3,Tullow Ghana Limited,Registration Permit,West Cape Three Points,PC/001037/A/04-14R,02/04/2014,01/04/2015,Permit to undertake Exploration and Development and Production,2014-04-02,2015-04-01,364.0,False,False,False,False,True,False,False,False,Registration Permit,TULLOW
4,PetroSA Ghana Limited,Exploration & Production Permit,West Cape Three Points,PC/003/E&P/12-14,10/12/2014,09/12/2015,Permit to undertake Exploration and Development and Production,2014-12-10,2015-12-09,364.0,False,False,False,False,True,False,False,False,Exploration and Production Permit,PETROSA
5,Kosmos Energy Ghana HC,Registration Permit,West Cape Three Points,PC/0010066/A/04-14R,,09/04/2015,Permit to undertake Exploration and Development and Production,2014-04-10,2015-04-09,364.0,True,False,False,False,True,False,True,False,Registration Permit,KOSMOS
6,Tullow Ghana Limited,Exploration & Production Permit,West Cape Three Points,PC/009/E&P/04-15R,02/04/2015,01/04/2016,Permit to undertake Exploration and Development and Production,2015-04-02,2016-04-01,365.0,False,False,False,False,True,False,False,False,Exploration and Production Permit,TULLOW
7,Kosmos Energy Ghana HC,Exploration & Production Permit,West Cape Three Points,PC/013/E&P/04-15R,10/04/2025,09/04/2016,Permit to undertake Exploration and Development and Production,2015-04-10,2016-04-09,365.0,False,False,False,True,True,False,False,True,Exploration and Production Permit,KOSMOS
8,PetroSA Ghana Limited,Exploration & Production Permit,West Cape Three Points,PC/017/E&P/12-15R,10/12/2015,09/12/2016,Permit to undertake Exploration and Development and Production,2015-12-10,2016-12-09,365.0,False,False,False,False,True,False,False,False,Exploration and Production Permit,PETROSA
9,Kosmos Energy Ghana HC,Contractor Party to Petroleum Agreement,West Cape Three Points,PC/CPA/0000005/04-16R,10/04/2016,09/04/2017,As a Contractor Party to Petroleum Agreements in respect of the West Cape Three Points and Deep Water Tano Contract Areas,2016-04-10,2017-04-09,364.0,False,False,False,False,True,False,False,False,Contractor Party to Petroleum Agreement,KOSMOS
10,Tullow Ghana Limited,Contractor Party to Petroleum Agreement,West Cape Three Points,PC/CPA/0000006/04-16R,02/04/2016,01/04/2017,As a Contractor Party to Petroleum Agreements in respect of the West Cape Three Points and Deep Water Tano Contract Areas,2016-04-02,2017-04-01,364.0,False,False,False,False,True,False,False,False,Contractor Party to Petroleum Agreement,TULLOW
11,PetroSA Ghana Limited,Contractor Party to Petroleum Agreement,West Cape Three Points,PC/CPA/0000009/12-16R,10/12/2016,09/12/2017,As a Contractor Party to Petroleum Agreements in respect of the West Cape Three Points and Deep Water Tano Contract Areas,2016-12-10,2017-12-09,364.0,False,False,False,False,True,False,False,False,Contractor Party to Petroleum Agreement,PETROSA
12,Kosmos Energy Ghana HC,Contractor Party to Petroleum Agreement,West Cape Three Points,PC/CPA/0000018/04-18R,10/04/2018,09/04/2019,As a Contractor Party to Petroleum Agreements in respect of the West Cape Three Points and Deep Water Tano Contract Areas,2018-04-10,2019-04-09,364.0,False,False,False,False,True,False,False,False,Contractor Party to Petroleum Agreement,KOSMOS
13,PetroSA Ghana Limited,Contractor Party to Petroleum Agreement,West Cape Three Points,PC/CPA/0000035/12-18R,10/12/2018,09/12/2019,As a Contractor Party to Petroleum Agreements in respect of the West Cape Three Points and Deep Water Tano Contract Areas,2018-12-10,2019-12-09,364.0,False,False,False,False,True,False,False,False,Contractor Party to Petroleum Agreement,PETROSA
14,PetroSA Ghana Limited,Contractor Party to Petroleum Agreement,West Cape Three Points,PC/CPA/0000059/12-19R,10/12/2019,09/12/2020,As a Contractor Party to Petroleum Agreement in respect of the Deep Water Tano Contract Area,2019-12-10,2020-12-09,365.0,False,False,False,False,True,False,False,False,Contractor Party to Petroleum Agreement,PETROSA
15,Kosmos Energy Ghana HC,Contractor Party to Petroleum Agreement,West Cape Three Points,PC/CPA/0000065/04-20R,10/04/2020,09/04/2021,As a Contractor Party to Petroleum Agreement in respect of the Deep Water Tano Contract Area,2020-04-10,2021-04-09,364.0,False,False,False,False,True,False,False,False,Contractor Party to Petroleum Agreement,KOSMOS
16,PetroSA Ghana Limited,Contractor Party to Petroleum Agreement,West Cape Three Points,PC/CPA/0000078/12-20R,10/12/2020,09/12/2021,As a Contractor Party to Petroleum Agreement in respect of the Deep Water Tano Contract Area,2020-12-10,2021-12-09,364.0,False,False,False,False,True,False,False,False,Contractor Party to Petroleum Agreement,PETROSA
17,Kosmos Energy Ghana HC,Contractor Party to Petroleum Agreement,West Cape Three Points,PC/CPA/0000085/04-21R,10/04/2021,09/04/2022,As a Contractor Party to Petroleum Agreement in respect of the Deep Water Tano Contract Area,2021-04-10,2022-04-09,364.0,False,False,False,False,True,False,False,False,Contractor Party to Petroleum Agreement,KOSMOS
18,PetroSA Ghana Limited,Contractor Party to Petroleum Agreement,West Cape Three Points,PC/CPA/0000098/12-21R,10/12/2021,09/12/2022,As a Contractor Party to Petroleum Agreement in respect of the Deep Water Tano Contract Area,2021-12-10,2022-12-09,364.0,False,False,False,False,True,False,False,False,Contractor Party to Petroleum Agreement,PETROSA
19,Kosmos Energy Ghana HC,Contractor Party to Petroleum Agreement,West Cape Three Points,PC/CPA/0000103/04-22R,10/04/2022,09/04/2023,As a Contractor Party to Petroleum Agreement in respect of the Deep Water Tano Contract Area,2022-04-10,2023-04-09,364.0,False,False,False,False,True,False,False,False,Contractor Party to Petroleum Agreement,KOSMOS
20,PetroSA Ghana Limited,Contractor Party to Petroleum Agreement,West Cape Three Points,PC/CPA/0000125/12-22R,10/12/2022,09/12/2023,As a Contractor Party to Petroleum Agreement in respect of the Deep Water Tano Contract Area,2022-12-10,2023-12-09,364.0,False,False,False,False,True,False,False,False,Contractor Party to Petroleum Agreement,PETROSA
21,Kosmos Energy Ghana HC,Contractor Party to Petroleum Agreement,West Cape Three Points,PC/CPA/0000130/04-23R,10/04/2023,09/04/2024,As a Contractor Party to Petroleum Agreement in respect of the Deep Water Tano Contract Area,2023-04-10,2024-04-09,365.0,False,False,False,False,True,False,False,False,Contractor Party to Petroleum Agreement,KOSMOS
22,Kosmos Energy Ghana Investments,Contractor Party to Petroleum Agreement,West Cape Three Points,PC/CPA/0000131/05-23,11/05/2023,10/05/2024,As a Contractor Party to Petroleum Agreement in respect of the Deep Water Tano Contract Area,2023-05-11,2024-05-10,365.0,False,False,False,False,True,False,False,False,Contractor Party to Petroleum Agreement,KOSMOS
23,PetroSA Ghana Limited,Contractor Party to Petroleum Agreement,West Cape Three Points,PC/CPA/0000146/12-23R,10/12/2023,09/12/2024,As a Contractor Party to Petroleum Agreement in respect of the Deep Water Tano Contract Area,2023-12-10,2024-12-09,365.0,False,False,False,False,True,False,False,False,Contractor Party to Petroleum Agreement,PETROSA
24,Kosmos Energy Ghana HC,Contractor Party to Petroleum Agreement,West Cape Three Points,PC/CPA/0000154/04-24R,10/04/2024,09/04/2025,As a Contractor Party to Petroleum Agreement in respect of the Deep Water Tano Contract Area,2024-04-10,2025-04-09,364.0,False,False,False,False,False,False,False,False,Contractor Party to Petroleum Agreement,KOSMOS
25,Kosmos Energy Ghana Investments,Contractor Party to Petroleum Agreement,West Cape Three Points,PC/CPA/0000155/05-24R,11/05/2024,10/05/2025,As a Contractor Party to Petroleum Agreement in respect of the Deep Water Tano Contract Area,2024-05-11,2025-05-10,364.0,False,False,False,False,False,False,False,False,Contractor Party to Petroleum Agreement,KOSMOS
26,Tullow Ghana Limited,Drilling Permit,West Cape Three Points,PC/DP/0000011/04-21,28/04/2021,27/10/2021,To drill JAH-P (J56-P) Well,2021-04-28,2021-10-27,182.0,False,False,False,False,False,False,False,False,Drilling Permit,TULLOW
27,Tullow Ghana Limited,Drilling Permit,West Cape Three Points,PC/DP/0000016/04-21,26/04/2021,25/10/2021,To drill JC-WI (J55-WI) Well,2021-04-26,2021-10-25,182.0,False,False,False,False,False,False,False,False,Drilling Permit,TULLOW
28,Tullow Ghana Limited,Drilling Permit,West Cape Three Points,PC/DP/0000013/07-21,21/07/2021,20/01/2022,To drill JAH-P (J57-P) Well,2021-07-21,2022-01-20,183.0,False,False,False,False,True,False,False,False,Drilling Permit,TULLOW
29,Tullow Ghana Limited,Drilling Permit,West Cape Three Points,PC/DP/0000015/11-21,22/11/2021,21/05/2022,To drill J12 WI Well Intervention,2021-11-22,2022-05-21,180.0,False,False,False,False,False,False,False,False,Drilling Permit,TULLOW
30,Tullow Ghana Limited,Drilling Permit,West Cape Three Points,PC/DP/0000017/12-21,09/12/2021,08/06/2022,To drill JAJ-WI (J58-WI) Well,2021-12-09,2022-06-08,181.0,False,False,False,False,False,False,False,False,Drilling Permit,TULLOW
31,Tullow Ghana Limited,Drilling Permit,West Cape Three Points,PC/DP/0000018/12-21,24/01/2022,23/07/2022,To drill JAJ-WI (J59-WI) Well,2022-01-24,2022-07-23,180.0,False,False,False,False,False,False,False,False,Drilling Permit,TULLOW
32,Tullow Ghana Limited,Drilling Permit,West Cape Three Points,PC/DP/0000019/01-22,24/01/2022,23/07/2022,To drill JAB-P (J60-P) Well,2022-01-24,2022-07-23,180.0,False,False,False,False,False,False,False,False,Drilling Permit,TULLOW
33,Tullow Ghana Limited,Drilling Permit,West Cape Three Points,PC/DP/0000024/10-22,,07/04/2023,To drill MA-P (J64-P) Well,,2023-04-07,,True,False,False,False,False,False,False,False,Drilling Permit,TULLOW
34,Tullow Ghana Limited,Drilling Permit,West Cape Three Points,PC/DP/0000025/10-22,,07/04/2023,To drill JV-WI (J62-WI) Well,,2023-04-07,,True,False,False,False,False,False,False,False,Drilling Permit,TULLOW
35,Tullow Ghana Limited,Drilling Permit,West Cape Three Points,PC/DP/0000026/10-22,,07/04/2023,To drill MF-P (J63-P) Well,,2023-04-07,,True,False,False,False,False,False,False,False,Drilling Permit,TULLOW
36,Tullow Ghana Limited,Drilling Permit,West Cape Three Points,PC/DP/0000027/02-23,13/02/2023,12/08/2023,To drill JH-P (J64-P) Well,2023-02-13,2023-08-12,180.0,False,False,False,False,False,False,False,False,Drilling Permit,TULLOW
37,Tullow Ghana Limited,Drilling Permit,West Cape Three Points,PC/DP/0000028/02-23,13/02/2023,12/08/2023,To drill JAC- WI (J65-WI) Well,2023-02-13,2023-08-12,180.0,False,False,False,False,False,False,False,False,Drilling Permit,TULLOW
38,Tullow Ghana Limited,Drilling Permit,West Cape Three Points,PC/DP/0000029/05-23,24/05/2023,23/11/2023,To drill JU-P (J66-P) Well,2023-05-24,2023-11-23,183.0,False,False,False,False,False,False,False,False,Drilling Permit,TULLOW
39,Tullow Ghana Limited,Drilling Permit,West Cape Three Points,PC/DP/0000030/11-23,10/11/2023,09/05/2023,To drill MG-WI (J67-P) Well,2023-11-10,2024-05-09,181.0,False,False,False,True,False,False,False,True,Drilling Permit,TULLOW
40,Tullow Ghana Limited,Drilling Permit,West Cape Three Points,PC/DP/0000031/11-23,10/11/2023,09/05/2023,To drill JAX-P (J68-P) Well,2023-11-10,2024-05-09,181.0,False,False,False,True,False,False,False,True,Drilling Permit,TULLOW
41,Tullow Ghana Limited,Drilling Permit,West Cape Three Points,PC/DP/0000032/11-23,10/11/2023,09/05/2023,To drill JBC-P (J69-P) Well,2023-11-10,2024-05-09,181.0,False,False,False,True,False,False,False,True,Drilling Permit,TULLOW
42,Tullow Ghana Limited,Drilling Permit,West Cape Three Points,PC/DP/0000033/02-24,15/02/2024,14/08/2024,To drill JAR - WI (J70) Well,2024-02-15,2024-08-14,181.0,False,False,False,False,False,False,False,False,Drilling Permit,TULLOW
43,Tullow Ghana Limited,Drilling Permit,West Cape Three Points,PC/DP/0000034/02-24,15/02/2024,14/08/2024,To drill JBT-P (J71-P) Well,2024-02-15,2024-08-14,181.0,False,False,False,False,False,False,False,False,Drilling Permit,TULLOW
46,Tullow Ghana Limited,Production Permit,West Cape Three Points,PC/PC/0000001/A/04-15R,02/04/2015,01/04/2016,Permit to undertake Production,2015-04-02,2016-04-01,365.0,False,False,False,False,True,False,False,False,Production Permit,TULLOW
47,Eni Ghana Exploration and Production Limited,Registration Permit,Offshore Cape Three Points,PC/000056/A/02-13,13/03/2013,12/03/2014,Permit to undertake Exploration and Development and Production,2013-03-13,2014-03-12,364.0,False,False,False,False,False,False,False,False,Registration Permit,ENI
48,Eni Ghana Exploration and Production Limited,Registration Permit,Offshore Cape Three Points,PC/001031/A/02-14R,13/03/2014,12/03/2015,Permit to undertake Exploration and Development and Production,2014-03-13,2015-03-12,364.0,False,False,False,False,False,False,False,False,Registration Permit,ENI
49,Eni Ghana Exploration and Production Limited,Exploration and Production,Offshore Cape Three Points,PC/005/E&P/03-15R,13/03/2015,12/03/2016,Permit to undertake Exploration and Development,2015-03-13,2016-03-12,365.0,False,False,False,False,False,False,False,False,Exploration and Production Permit,ENI
50,Eni Ghana Exploration and Production Limited,Exploration and Production,Offshore Cape Three Points,PC/021/E&P/03-16R,13/03/2016,12/03/2017,Permit to undertake Exploration and Development,2016-03-13,2017-03-12,364.0,False,False,False,False,False,False,False,False,Exploration and Production Permit,ENI
51,Eni Ghana Exploration and Production Limited,Exploration and Production,Offshore Cape Three Points,PC/032/E&P/03-17R,13/03/2017,12/03/2018,Permit to undertake Exploration and Development,2017-03-13,2018-03-12,364.0,False,False,False,False,False,False,False,False,Exploration and Production Permit,ENI
52,Eni Ghana Exploration and Production Limited,Contractor Party to Petroleum Agreement,Offshore Cape Three Points,PC/CPA/0000015/03-18R,13/03/2018,12/03/2019,As a Contractor Party in Offshore Cape Three Points Block and Cape Three Points Block 4,2018-03-13,2019-03-12,364.0,False,False,False,False,True,False,False,False,Contractor Party to Petroleum Agreement,ENI
53,Eni Ghana Exploration and Production Limited,Contractor Party to Petroleum Agreement,Offshore Cape Three Points,PC/CPA/0000045/05-19,10/05/2019,09/05/2020,As a Contractor Party in Offshore Cape Three Points Block and Cape Three Points Block 4,2019-05-10,2020-05-09,365.0,False,False,False,False,True,False,False,False,Contractor Party to Petroleum Agreement,ENI
54,Vitol Upstream Ghana Limited,Registration Permit,Offshore Cape Three Points,PC/016/E&P/01-16,19/01/2016,18/01/2017,Permit to undertake Exploration and Development,2016-01-19,2017-01-18,365.0,False,False,False,False,False,False,False,False,Registration Permit,VITOL
55,Vitol Upstream Ghana Limited,Registration Permit,Offshore Cape Three Points,PC/029/E&P/01-17R,19/01/2017,18/01/2018,Permit to undertake Exploration and Development,2017-01-19,2018-01-18,364.0,False,False,False,False,False,False,False,False,Registration Permit,VITOL
56,Vitol Upstream Ghana Limited,Contractor Party to Petroleum Agreement,Offshore Cape Three Points,PC/CPA/0000056/01-18R,19/01/2018,18/01/2019,As a Contractor Party in Offshore Cape Three Points Block,2018-01-19,2019-01-18,364.0,False,False,False,False,False,False,False,False,Contractor Party to Petroleum Agreement,VITOL
57,Vitol Upstream Ghana Limited,Contractor Party to Petroleum Agreement,Offshore Cape Three Points,PC/CPA/0000057/01-19R,19/01/2019,18/01/2020,As a Contractor Party in Offshore Cape Three Points Block,2019-01-19,2020-01-18,364.0,False,False,False,False,False,False,False,False,Contractor Party to Petroleum Agreement,VITOL
58,Vitol Upstream Ghana Limited,Contractor Party to Petroleum Agreement,Offshore Cape Three Points,PC/CPA/0000058/01-20R,19/01/2020,18/01/2021,As a Contractor Party in Offshore Cape Three Points Block,2020-01-19,2021-01-18,365.0,False,False,False,False,False,False,False,False,Contractor Party to Petroleum Agreement,VITOL
59,Vitol Upstream Ghana Limited,Contractor Party to Petroleum Agreement,Offshore Cape Three Points,PC/CPA/0000079/01-21R,19/01/2021,18/01/2022,As a Contractor Party in Offshore Cape Three Points Block,2021-01-19,2022-01-18,364.0,False,False,False,False,False,False,False,False,Contractor Party to Petroleum Agreement,VITOL
60,Vitol Upstream Ghana Limited,Contractor Party to Petroleum Agreement,Offshore Cape Three Points,PC/CPA/0000105/01-22R,19/01/2022,18/01/2023,As a Contractor Party in Offshore Cape Three Points Block,2022-01-19,2023-01-18,364.0,False,False,False,False,False,False,False,False,Contractor Party to Petroleum Agreement,VITOL
61,Vitol Upstream Ghana Limited,Contractor Party to Petroleum Agreement,Offshore Cape Three Points,PC/CPA/0000138/01-23R,19/01/2023,18/01/2024,As a Contractor Party in Offshore Cape Three Points Block,2023-01-19,2024-01-18,364.0,False,False,False,False,False,False,False,False,Contractor Party to Petroleum Agreement,VITOL
62,Vitol Upstream Ghana Limited,Contractor Party to Petroleum Agreement,Offshore Cape Three Points,PC/CPA/0000162/01-24R,19/01/2024,18/01/2025,As a Contractor Party in Offshore Cape Three Points Block,2024-01-19,2025-01-18,365.0,False,False,False,False,False,False,False,False,Contractor Party to Petroleum Agreement,VITOL
63,Hess Ghana Exploration Limited,Registration Permit,Deepwater Tano / Cape 3 Points,PC/000078/A/0513,13/05/2013,12/05/2014,Permit to undertake Exploration,2013-05-13,2014-05-12,364.0,False,False,False,False,False,False,False,False,Registration Permit,HESS
64,Hess Ghana Exploration Limited,Registration Permit,Deepwater Tano / Cape 3 Points,PC/000127/A/0514R,13/05/2014,12/05/2015,Permit to undertake Exploration,2014-05-13,2015-05-12,364.0,False,False,False,False,False,False,False,False,Registration Permit,HESS
65,Hess Ghana Exploration Limited,Exploration and Development Permit,Deepwater Tano / Cape 3 Points,PC/012/E&P/0515R,13/05/2015,12/05/2016,Permit to undertake Exploration,2015-05-13,2016-05-12,365.0,False,False,False,False,False,False,False,False,Exploration and Development Permit,HESS
66,Hess Ghana Exploration Limited,Exploration and Development Permit,Deepwater Tano / Cape 3 Points,PC/024/E&P/0516R,13/05/2016,12/05/2017,Permit to undertake Exploration,2016-05-13,2017-05-12,364.0,False,False,False,False,False,False,False,False,Exploration and Development Permit,HESS
67,Hess Ghana Exploration Limited,Exploration and Development Permit,Deepwater Tano / Cape 3 Points,PC/036/E&P/0517R,13/05/2017,12/05/2018,Permit to undertake Exploration,2017-05-13,2018-05-12,364.0,False,False,False,False,False,False,False,False,Exploration and Development Permit,HESS
68,Hess Ghana Exploration Limited,Contractor Party to Petroleum Agreement,Deepwater Tano / Cape 3 Points,PC/CPA/00000225/0518R,13/05/2018,12/05/2019,As a Contractor Party to Petroleum Agreement in respect of Deepwater Tano Cape Three Points Block,2018-05-13,2019-05-12,364.0,False,False,False,False,False,False,False,False,Contractor Party to Petroleum Agreement,HESS
69,Aker Energy Ghana Limited,Exploration and Development Permit,Deepwater Tano / Cape 3 Points,PC/EDP/0000029/0520R,13/05/2020,12/05/2021,As Operator in respect of Deepwater Cape Three Points Block,2020-05-13,2021-05-12,364.0,False,False,False,False,False,False,False,False,Exploration and Development Permit,AKER
70,Aker Energy Ghana Limited,Contractor Party to Petroleum Agreement,Deepwater Tano / Cape 3 Points,PC/CPA/0000068/0520R,13/05/2020,12/05/2021,As a Contractor Party to Petroleum Agreement in respect of Deepwater Tano Cape Three Points Block,2020-05-13,2021-05-12,364.0,False,False,False,False,False,False,False,False,Contractor Party to Petroleum Agreement,AKER
71,Aker Energy Ghana Limited,Exploration and Development Permit,Deepwater Tano / Cape 3 Points,PC/EDP/0000032/0521R,13/05/2021,12/05/2022,As Operator in respect of Deepwater Cape Three Points Block,2021-05-13,2022-05-12,364.0,False,False,False,False,False,False,False,False,Exploration and Development Permit,AKER
72,Aker Energy Ghana Limited,Contractor Party to Petroleum Agreement,Deepwater Tano / Cape 3 Points,PC/CPA/0000090/0521R,13/05/2021,12/05/2022,As a Contractor Party to Petroleum Agreement in respect of Deepwater Tano Cape Three Points Block,2021-05-13,2022-05-12,364.0,False,False,False,False,False,False,False,False,Contractor Party to Petroleum Agreement,AKER
73,Aker Energy Ghana Limited,Exploration and Development Permit,Deepwater Tano / Cape 3 Points,PC/EDP/0000035/0522R,13/05/2022,12/05/2023,As Operator in respect of Deepwater Cape Three Points Block,2022-05-13,2023-05-12,364.0,False,False,False,False,False,False,False,False,Exploration and Development Permit,AKER
74,Aker Energy Ghana Limited,Contractor Party to Petroleum Agreement,Deepwater Tano / Cape 3 Points,PC/CPA/0000106/0522R,13/05/2022,12/05/2023,As a Contractor Party to Petroleum Agreement in respect of Deepwater Tano Cape Three Points Block,2022-05-13,2023-05-12,364.0,False,False,False,False,False,False,False,False,Contractor Party to Petroleum Agreement,AKER
75,Aker Energy Ghana Limited,Exploration and Development Permit,Deepwater Tano / Cape 3 Points,PC/EDP/0000041/0523R,13/05/2023,12/05/2024,As Operator in respect of Deepwater Cape Three Points Block,2023-05-13,2024-05-12,365.0,False,False,False,False,False,False,False,False,Exploration and Development Permit,AKER
76,Aker Energy Ghana Limited,Contractor Party to Petroleum Agreement,Deepwater Tano / Cape 3 Points,PC/CPA/0000106/0523R,13/05/2023,12/05/2024,As a Contractor Party to Petroleum Agreement in respect of Deepwater Tano Cape Three Points Block,2023-05-13,2024-05-12,365.0,False,False,False,False,False,False,False,False,Contractor Party to Petroleum Agreement,AKER
77,Pecan Energies Ghana Limited,Exploration and Development Permit,Deepwater Tano / Cape 3 Points,PC/EDP/0000046/0524R,13/05/2024,12/05/2025,As Operator in respect of Deepwater Cape Three Points Block,2024-05-13,2025-05-12,364.0,False,False,False,False,False,False,False,False,Exploration and Development Permit,PECAN
78,Pecan Energies Ghana Limited,Contractor Party to Petroleum Agreement,Deepwater Tano / Cape 3 Points,PC/CPA/0000158/0524R,13/05/2024,12/05/2025,As a Contractor Party to Petroleum Agreement in respect of Deepwater Tano Cape Three Points Block,2024-05-13,2025-05-12,364.0,False,False,False,False,False,False,False,False,Contractor Party to Petroleum Agreement,PECAN
79,FT Exploration & Production Limited,Contractor Party to Petroleum Agreement,Deepwater Tano / Cape 3 Points,PC/CPA/0000042/0619,19/06/2019,18/06/2020,As a Contractor Party to Petroleum Agreement in respect of Deepwater Tano Cape Three Points Block,2019-06-19,2020-06-18,365.0,False,False,False,False,False,False,False,False,Contractor Party to Petroleum Agreement,FT EXPLORATION
80,FT Exploration & Production Limited,Contractor Party to Petroleum Agreement,Deepwater Tano / Cape 3 Points,PC/CPA/0000094/0620R,19/06/2020,18/06/2021,As a Contractor Party to Petroleum Agreement in respect of Deepwater Tano Cape Three Points Block,2020-06-19,2021-06-18,364.0,False,False,False,False,False,False,False,False,Contractor Party to Petroleum Agreement,FT EXPLORATION
81,FT Exploration & Production Limited,Contractor Party to Petroleum Agreement,Deepwater Tano / Cape 3 Points,PC/CPA/0000095/0621R,19/06/2021,18/06/2022,As a Contractor Party to Petroleum Agreement in respect of Deepwater Tano Cape Three Points Block,2021-06-19,2022-06-18,364.0,False,False,False,False,False,False,False,False,Contractor Party to Petroleum Agreement,FT EXPLORATION
82,FT Exploration & Production Limited,Contractor Party to Petroleum Agreement,Deepwater Tano / Cape 3 Points,PC/CPA/0000118/0622R,19/06/2022,18/06/2023,As a Contractor Party to Petroleum Agreement in respect of Deepwater Tano Cape Three Points Block,2022-06-19,2023-06-18,364.0,False,False,False,False,False,False,False,False,Contractor Party to Petroleum Agreement,FT EXPLORATION
83,FT Exploration & Production Limited,Contractor Party to Petroleum Agreement,Deepwater Tano / Cape 3 Points,PC/CPA/0000134/0623R,19/06/2023,18/06/2024,As a Contractor Party to Petroleum Agreement in respect of Deepwater Tano Cape Three Points Block,2023-06-19,2024-06-18,365.0,False,False,False,False,False,False,False,False,Contractor Party to Petroleum Agreement,FT EXPLORATION
84,FT Exploration & Production Limited,Contractor Party to Petroleum Agreement,Deepwater Tano / Cape 3 Points,PC/CPA/0000160/0624R,19/06/2024,18/06/2025,As a Contractor Party to Petroleum Agreement in respect of Deepwater Tano Cape Three Points Block,2024-06-19,2025-06-18,364.0,False,False,False,False,False,False,False,False,Contractor Party to Petroleum Agreement,FT EXPLORATION
85,Lukoil Overseas Gh Ltd,Registration Permit,Deepwater Tano / Cape 3 Points,PC/000086/A/0513,24/05/2013,23/05/2014,Permit to undertake Exploration and Development,2013-05-24,2014-05-23,364.0,False,False,False,False,False,False,False,False,Registration Permit,LUKOIL
86,Lukoil Overseas Ghana Ltd,Registration Permit,Deepwater Tano / Cape 3 Points,PC/001034/A/0514R,24/05/2014,23/05/2015,Permit to undertake Exploration and Development,2014-05-24,2015-05-23,364.0,False,False,False,False,False,False,False,False,Registration Permit,LUKOIL
87,Lukoil Overseas Ghana Tano Limited,Contractor Party to Petroleum Agreement,Deepwater Tano / Cape 3 Points,PC/CPA/0000108/0515,24/05/2015,23/05/2016,As a Contractor Party to Petroleum Agreement in respect of Deepwater Tano Cape Three Points Block,2015-05-24,2016-05-23,365.0,False,False,False,False,False,False,False,False,Contractor Party to Petroleum Agreement,LUKOIL
88,Lukoil Overseas Ghana Tano Limited,Contractor Party to Petroleum Agreement,Deepwater Tano / Cape 3 Points,PC/CPA/0000109/0516R,24/05/2016,23/05/2017,As a Contractor Party to Petroleum Agreement in respect of Deepwater Tano Cape Three Points Block,2016-05-24,2017-05-23,364.0,False,False,False,False,False,False,False,False,Contractor Party to Petroleum Agreement,LUKOIL
89,Lukoil Overseas Ghana Tano Limited,Contractor Party to Petroleum Agreement,Deepwater Tano / Cape 3 Points,PC/CPA/0000110/0517R,24/05/2017,23/05/2018,As a Contractor Party to Petroleum Agreement in respect of Deepwater Tano Cape Three Points Block,2017-05-24,2018-05-23,364.0,False,False,False,False,False,False,False,False,Contractor Party to Petroleum Agreement,LUKOIL
90,Lukoil Overseas Ghana Tano Limited,Contractor Party to Petroleum Agreement,Deepwater Tano / Cape 3 Points,PC/CPA/0000111/0518R,24/05/2018,23/05/2019,As a Contractor Party to Petroleum Agreement in respect of Deepwater Tano Cape Three Points Block,2018-05-24,2019-05-23,364.0,False,False,False,False,False,False,False,False,Contractor Party to Petroleum Agreement,LUKOIL
91,Lukoil Overseas Ghana Tano Limited,Contractor Party to Petroleum Agreement,Deepwater Tano / Cape 3 Points,PC/CPA/0000112/0519R,24/05/2019,23/05/2020,As a Contractor Party to Petroleum Agreement in respect of Deepwater Tano Cape Three Points Block,2019-05-24,2020-05-23,365.0,False,False,False,False,False,False,False,False,Contractor Party to Petroleum Agreement,LUKOIL
92,Lukoil Overseas Ghana Tano Limited,Contractor Party to Petroleum Agreement,Deepwater Tano / Cape 3 Points,PC/CPA/0000113/0520R,24/05/2020,23/05/2021,As a Contractor Party to Petroleum Agreement in respect of Deepwater Tano Cape Three Points Block,2020-05-24,2021-05-23,364.0,False,False,False,False,False,False,False,False,Contractor Party to Petroleum Agreement,LUKOIL
93,Lukoil Overseas Ghana Tano Limited,Contractor Party to Petroleum Agreement,Deepwater Tano / Cape 3 Points,PC/CPA/0000114/0521R,24/05/2021,23/05/2022,As a Contractor Party to Petroleum Agreement in respect of Deepwater Tano Cape Three Points Block,2021-05-24,2022-05-23,364.0,False,False,False,False,False,False,False,False,Contractor Party to Petroleum Agreement,LUKOIL
94,Lukoil Overseas Ghana Tano Limited,Contractor Party to Petroleum Agreement,Deepwater Tano / Cape 3 Points,PC/CPA/0000115/0522R,24/05/2022,23/05/2023,As a Contractor Party to Petroleum Agreement in respect of Deepwater Tano Cape Three Points Block,2022-05-24,2023-05-23,364.0,False,False,False,False,False,False,False,False,Contractor Party to Petroleum Agreement,LUKOIL
95,Lukoil Overseas Ghana Tano Limited,Contractor Party to Petroleum Agreement,Deepwater Tano / Cape 3 Points,PC/CPA/0000140/0523R,24/05/2023,23/05/2024,As a Contractor Party to Petroleum Agreement in respect of Deepwater Tano Cape Three Points Block,2023-05-24,2024-05-23,365.0,False,False,False,False,False,False,False,False,Contractor Party to Petroleum Agreement,LUKOIL
96,Lukoil Overseas Ghana Tano Limited,Contractor Party to Petroleum Agreement,Deepwater Tano / Cape 3 Points,PC/CPA/0000159/0524R,24/05/2024,23/05/2025,As a Contractor Party to Petroleum Agreement in respect of Deepwater Tano Cape Three Points Block,2024-05-24,2025-05-23,364.0,False,False,False,False,False,False,False,False,Contractor Party to Petroleum Agreement,LUKOIL
97,Aker Energy Ghana Limited,Drilling Permit,Deepwater Tano / Cape 3 Points,PC/DP/0000001/0118,01/11/2018,31/05/2019,To drill Pecan 4A Well,2018-11-01,2019-05-31,211.0,False,False,False,False,False,False,False,False,Drilling Permit,AKER
98,Aker Energy Ghana Limited,Drilling Permit,Deepwater Tano / Cape 3 Points,PC/DP/0000003/0119,10/01/2019,09/07/2019,To drill Pecan South 1A Well,2019-01-10,2019-07-09,180.0,False,False,False,False,False,False,False,False,Drilling Permit,AKER
99,Aker Energy Ghana Limited,Drilling Permit,Deepwater Tano / Cape 3 Points,PC/DP/0000004/0119,10/01/2019,09/07/2019,To drill Pecan South East 1A Well,2019-01-10,2019-07-09,180.0,False,False,False,False,False,False,False,False,Drilling Permit,AKER
100,Aker Energy Ghana Limited,Drilling Permit,Deepwater Tano / Cape 3 Points,PC/DP/0000001/0121,,,To drill Pecan 4A Well,,,,True,True,False,False,False,False,False,False,Drilling Permit,AKER
101,Eni Ghana Exploration and Production Limited,As Operator in respect of Cape Three Points Block 4,Cape Theree Points Block 4,PC/EDP/0000006/05-18,10/05/2018,09/05/2019,As Operator in respect of Cape Three Points Block 4,2018-05-10,2019-05-09,364.0,False,False,False,False,False,False,False,False,Misfiled (purpose text in type field),ENI
102,Eni Ghana Exploration and Production Limited,Exploration and Development Permit,Cape Theree Points Block 4,PC/EDP/0000020/05-19,10/05/2019,09/05/2020,As Operator in respect of Cape Three Points Block 4,2019-05-10,2020-05-09,365.0,False,False,False,False,False,False,False,False,Exploration and Development Permit,ENI
103,Eni Ghana Exploration and Production Limited,Exploration and Development Permit,Cape Theree Points Block 4,PC/EDP/0000027/05-20R,10/05/2020,09/05/2021,As Operator in respect of Cape Three Points Block 4,2020-05-10,2021-05-09,364.0,False,False,False,False,False,False,False,False,Exploration and Development Permit,ENI
104,Eni Ghana Exploration and Production Limited,Exploration and Development Permit,Cape Theree Points Block 4,PC/EDP/0000031/05-21R,10/05/2021,09/05/2022,As Operator in respect of Cape Three Points Block 4,2021-05-10,2022-05-09,364.0,False,False,False,False,False,False,False,False,Exploration and Development Permit,ENI
105,Eni Ghana Exploration and Production Limited,Exploration and Development Permit,Cape Theree Points Block 4,PC/EDP/0000040/05-22R,10/05/2022,09/05/2023,As Operator in respect of Cape Three Points Block 4,2022-05-10,2023-05-09,364.0,False,False,False,False,False,False,False,False,Exploration and Development Permit,ENI
106,Eni Ghana Exploration and Production Limited,Exploration and Development Permit,Cape Theree Points Block 4,PC/EDP/0000043/05-23R,10/05/2023,09/05/2024,As Operator in respect of Cape Three Points Block 4,2023-05-10,2024-05-09,365.0,False,False,False,False,False,False,False,False,Exploration and Development Permit,ENI
107,Eni Ghana Exploration and Production Limited,Exploration and Development Permit,Cape Theree Points Block 4,PC/EDP/0000047/05-24R,10/05/2024,09/05/2025,As Operator in respect of Cape Three Points Block 4,2024-05-10,2025-05-09,364.0,False,False,False,False,False,False,False,False,Exploration and Development Permit,ENI
108,Eni Ghana Exploration and Production Limited,Contractor Party to Petroleum Agreement,Cape Theree Points Block 4,PC/CPA/0000015/03-18R,13/03/2018,12/03/2019,As a Contractor Party in Offshore Cape Three Points Block and Cape Three Points Block 4,2018-03-13,2019-03-12,364.0,False,False,False,False,True,False,False,False,Contractor Party to Petroleum Agreement,ENI
109,Eni Ghana Exploration and Production Limited,Contractor Party to Petroleum Agreement,Cape Theree Points Block 4,PC/CPA/0000045/05-19,10/05/2019,09/05/2020,As a Contractor Party in Offshore Cape Three Points Block and Cape Three Points Block 4,2019-05-10,2020-05-09,365.0,False,False,False,False,True,False,False,False,Contractor Party to Petroleum Agreement,ENI
110,Eni Ghana Exploration and Production Limited,Contractor Party to Petroleum Agreement,Cape Theree Points Block 4,PC/CPA/0000066/05-20R,10/05/2020,09/05/2021,As a Contractor Party to Petroleum Agreement in respect of Cape Three Points Block 4,2020-05-10,2021-05-09,364.0,False,False,False,False,False,False,False,False,Contractor Party to Petroleum Agreement,ENI
111,Eni Ghana Exploration and Production Limited,Contractor Party to Petroleum Agreement,Cape Theree Points Block 4,PC/CPA/0000089/05-21R,10/05/2021,09/05/2022,As a Contractor Party to Petroleum Agreement in respect of Cape Three Points Block 4,2021-05-10,2022-05-09,364.0,False,False,False,False,False,False,False,False,Contractor Party to Petroleum Agreement,ENI
112,Eni Ghana Exploration and Production Limited,Contractor Party to Petroleum Agreement,Cape Theree Points Block 4,PC/CPA/0000116/05-22R,10/05/2022,09/05/2023,As a Contractor Party to Petroleum Agreement in respect of Cape Three Points Block 4,2022-05-10,2023-05-09,364.0,False,False,False,False,False,False,False,False,Contractor Party to Petroleum Agreement,ENI
113,Eni Ghana Exploration and Production Limited,Contractor Party to Petroleum Agreement,Cape Theree Points Block 4,PC/CPA/0000136/05-23R,10/05/2023,09/05/2024,As a Contractor Party to Petroleum Agreement in respect of Cape Three Points Block 4,2023-05-10,2024-05-09,365.0,False,False,False,False,False,False,False,False,Contractor Party to Petroleum Agreement,ENI
114,Eni Ghana Exploration and Production Limited,Contractor Party to Petroleum Agreement,Cape Theree Points Block 4,PC/CPA/0000163/05-24R,10/05/2024,09/05/2025,As a Contractor Party to Petroleum Agreement in respect of Cape Three Points Block 4,2024-05-10,2025-05-09,364.0,False,False,False,False,False,False,False,False,Contractor Party to Petroleum Agreement,ENI
115,GNPC Exploration and Production Company Limited,Contractor Party to Petroleum Agreement,Cape Theree Points Block 4,PC/CPA/0000149/04-24,18/04/2024,17/04/2025,As a Contractor Party to Petroleum Agreement in respect of Cape Three Points Block 4,2024-04-18,2025-04-17,364.0,False,False,False,False,False,False,False,False,Contractor Party to Petroleum Agreement,GNPC
116,Vitol Upstream Tano Limited,Contractor Party to Petroleum Agreement,Cape Theree Points Block 4,PC/CPA/0000031/01-19,21/01/2019,20/01/2020,As a Contractor Party to Petroleum Agreement in respect of Cape Three Points Block 4,2019-01-21,2020-01-20,364.0,False,False,False,False,False,False,False,False,Contractor Party to Petroleum Agreement,VITOL
117,Vitol Upstream Tano Limited,Contractor Party to Petroleum Agreement,Cape Theree Points Block 4,PC/CPA/0000080/01-20R,21/01/2020,20/01/2021,As a Contractor Party to Petroleum Agreement in respect of Cape Three Points Block 4,2020-01-21,2021-01-20,365.0,False,False,False,False,False,False,False,False,Contractor Party to Petroleum Agreement,VITOL
118,Vitol Upstream Tano Limited,Contractor Party to Petroleum Agreement,Cape Theree Points Block 4,PC/CPA/0000081/01-21R,21/01/2021,20/01/2022,As a Contractor Party to Petroleum Agreement in respect of Cape Three Points Block 4,2021-01-21,2022-01-20,364.0,False,False,False,False,False,False,False,False,Contractor Party to Petroleum Agreement,VITOL
119,Vitol Upstream Tano Limited,Contractor Party to Petroleum Agreement,Cape Theree Points Block 4,PC/CPA/0000104/01-22R,21/01/2022,20/01/2023,As a Contractor Party to Petroleum Agreement in respect of Cape Three Points Block 4,2022-01-21,2023-01-20,364.0,False,False,False,False,False,False,False,False,Contractor Party to Petroleum Agreement,VITOL
120,Vitol Upstream Tano Limited,Contractor Party to Petroleum Agreement,Cape Theree Points Block 4,PC/CPA/0000142/01-23R,21/01/2023,20/01/2024,As a Contractor Party to Petroleum Agreement in respect of Cape Three Points Block 4,2023-01-21,2024-01-20,364.0,False,False,False,False,False,False,False,False,Contractor Party to Petroleum Agreement,VITOL
121,Vitol Upstream Tano Limited,Contractor Party to Petroleum Agreement,Cape Theree Points Block 4,PC/CPA/0000161/01-24R,21/01/2024,20/01/2025,As a Contractor Party to Petroleum Agreement in respect of Cape Three Points Block 4,2024-01-21,2025-01-20,365.0,False,False,False,False,False,False,False,False,Contractor Party to Petroleum Agreement,VITOL
122,Woodfields Upstream Limited,Contractor Party to Petroleum Agreement,Cape Theree Points Block 4,PC/CPA/0000001/03-17,27/03/2017,26/03/2018,As a Contractor Party to Petroleum Agreement in respect of Cape Three Points Block 4,2017-03-27,2018-03-26,364.0,False,False,False,False,False,False,False,False,Contractor Party to Petroleum Agreement,WOODFIELDS
123,Woodfields Upstream Limited,Contractor Party to Petroleum Agreement,Cape Theree Points Block 4,PC/CPA/0000023/03-18R,27/03/2018,26/03/2019,As a Contractor Party to Petroleum Agreement in respect of Cape Three Points Block 4,2018-03-27,2019-03-26,364.0,False,False,False,False,False,False,False,False,Contractor Party to Petroleum Agreement,WOODFIELDS
124,Woodfields Upstream Limited,Contractor Party to Petroleum Agreement,Cape Theree Points Block 4,PC/CPA/0000041/03-19R,27/03/2019,26/03/2020,As a Contractor Party to Petroleum Agreement in respect of Cape Three Points Block 4,2019-03-27,2020-03-26,365.0,False,False,False,False,False,False,False,False,Contractor Party to Petroleum Agreement,WOODFIELDS
125,Woodfields Upstream Limited,Contractor Party to Petroleum Agreement,Cape Theree Points Block 4,PC/CPA/0000120/03-20R,27/03/2020,26/03/2021,As a Contractor Party to Petroleum Agreement in respect of Cape Three Points Block 4,2020-03-27,2021-03-26,364.0,False,False,False,False,False,False,False,False,Contractor Party to Petroleum Agreement,WOODFIELDS
126,Woodfields Upstream Limited,Contractor Party to Petroleum Agreement,Cape Theree Points Block 4,PC/CPA/0000121/03-21R,27/03/2021,26/03/2022,As a Contractor Party to Petroleum Agreement in respect of Cape Three Points Block 4,2021-03-27,2022-03-26,364.0,False,False,False,False,False,False,False,False,Contractor Party to Petroleum Agreement,WOODFIELDS
127,Woodfields Upstream Limited,Contractor Party to Petroleum Agreement,Cape Theree Points Block 4,PC/CPA/0000122/03-22R,27/03/2022,26/03/2023,As a Contractor Party to Petroleum Agreement in respect of Cape Three Points Block 4,2022-03-27,2023-03-26,364.0,False,False,False,False,False,False,False,False,Contractor Party to Petroleum Agreement,WOODFIELDS
128,Woodfields Upstream Limited,Contractor Party to Petroleum Agreement,Cape Theree Points Block 4,PC/CPA/0000141/03-23R,27/03/2023,26/03/2024,As a Contractor Party to Petroleum Agreement in respect of Cape Three Points Block 4,2023-03-27,2024-03-26,365.0,False,False,False,False,False,False,False,False,Contractor Party to Petroleum Agreement,WOODFIELDS
129,Woodfields Upstream Limited,Contractor Party to Petroleum Agreement,Cape Theree Points Block 4,PC/CPA/0000165/03-24R,27/03/2024,26/03/2025,As a Contractor Party to Petroleum Agreement in respect of Cape Three Points Block 4,2024-03-27,2025-03-26,364.0,False,False,False,False,False,False,False,False,Contractor Party to Petroleum Agreement,WOODFIELDS
130,Eni Ghana Exploration and Production Limited,Drilling Permit,Cape Theree Points Block 4,PC/DP/0000004/02-19,11/02/2019,10/08/2019,To drill Akoma 1X Well,2019-02-11,2019-08-10,180.0,False,False,False,False,False,False,False,False,Drilling Permit,ENI
131,Eni Ghana Exploration and Production Limited,Drilling Permit,Cape Theree Points Block 4,PC/DP/0000020/03-22,15/03/2022,14/09/2022,To drill Aprokuma 1X Well,2022-03-15,2022-09-14,183.0,False,False,False,False,False,False,False,False,Drilling Permit,ENI
132,Eni Ghana Exploration and Production Limited,Drilling Permit,Cape Theree Points Block 4,PC/DP/0000022/06-22,10/06/2021,09/12/2022,To drill NtH-P (Nt11-P) Well,2021-06-10,2022-12-09,547.0,False,False,False,False,True,False,False,False,Drilling Permit,ENI
133,Eni Ghana Exploration and Production Limited,Drilling Permit,Cape Theree Points Block 4,PC/DP/0000035/07-24,15/07/2024,14/12/2024,To drill Eban 2A Appraisal Well,2024-07-15,2024-12-14,152.0,False,False,False,False,False,False,False,False,Drilling Permit,ENI
134,Eco Atlantic (Ghana) Limited,Exploration and Development Permit,Deepwater Cape Threee Point West,PC/015/E&P/11-15,17/11/2015,16/11/2016,Permit to undertake Exploration,2015-11-17,2016-11-16,365.0,False,False,False,False,False,False,False,False,Exploration and Development Permit,ECO ATLANTIC
135,Eco Atlantic (Ghana) Limited,Contractor Party to Petroleum Agreement,Deepwater Cape Threee Point West,PC/CPA/0000016/11-16R,17/11/2016,16/11/2017,As a Contractor Party to Petroleum Agreement in respect of Deepwater Tano Cape Three Points Block,2016-11-17,2017-11-16,364.0,False,False,False,False,False,False,False,False,Contractor Party to Petroleum Agreement,ECO ATLANTIC
136,Eco Atlantic (Ghana) Limited,Exploration and Development Permit,Deepwater Cape Threee Point West,PC/EDP/0000004/11-16R,17/11/2016,16/11/2017,As Operator in respect ofDeepwater Cape Three Points Block,2016-11-17,2017-11-16,364.0,False,False,False,False,False,False,False,False,Exploration and Development Permit,ECO ATLANTIC
137,Eco Atlantic (Ghana) Limited,Exploration and Development Permit,Deepwater Cape Threee Point West,PC/EDP/0000005/11-17R,17/11/2017,16/11/2018,As Operator in respect ofDeepwater Cape Three Points Block,2017-11-17,2018-11-16,364.0,False,False,False,False,False,False,False,False,Exploration and Development Permit,ECO ATLANTIC
138,Eco Atlantic (Ghana) Limited,Contractor Party to Petroleum Agreement,Deepwater Cape Threee Point West,PC/CPA/0000017/11-17R,17/11/2017,16/11/2018,As a Contractor Party to Petroleum Agreement in respect of Deepwater Tano Cape Three Points Block,2017-11-17,2018-11-16,364.0,False,False,False,False,False,False,False,False,Contractor Party to Petroleum Agreement,ECO ATLANTIC
139,Eco Atlantic (Ghana) Limited,Contractor Party to Petroleum Agreement,Deepwater Cape Threee Point West,PC/CPA/0000032/11-18R,17/11/2018,16/11/2019,As a Contractor Party to Petroleum Agreement in respect of Deepwater Tano Cape Three Points Block,2018-11-17,2019-11-16,364.0,False,False,False,False,False,False,False,False,Contractor Party to Petroleum Agreement,ECO ATLANTIC
140,Eco Atlantic (Ghana) Limited,Exploration and Development Permit,Deepwater Cape Threee Point West,PC/EDP/0000024/11-18R,17/11/2018,16/11/2019,As Operator in respect ofDeepwater Cape Three Points Block,2018-11-17,2019-11-16,364.0,False,False,False,False,False,False,False,False,Exploration and Development Permit,ECO ATLANTIC
141,Eco Atlantic (Ghana) Limited,Exploration and Development Permit,Deepwater Cape Threee Point West,PC/EDP/0000025/11-19R,17/11/2019,16/11/2020,As Operator in respect ofDeepwater Cape Three Points Block,2019-11-17,2020-11-16,365.0,False,False,False,False,False,False,False,False,Exploration and Development Permit,ECO ATLANTIC
142,A-Z Petroleum Products Ghana Limited,Exploration and Development Permit,Deepwater Cape Threee Point West,PC/004/E&P/01-15,23/01/2015,22/01/2016,Permit to undertake Exploration and Development,2015-01-23,2016-01-22,364.0,False,False,False,False,False,False,False,False,Exploration and Development Permit,A-Z
143,A-Z Petroleum Products Ghana Limited,Contractor Party to Petroleum Agreement,Deepwater Cape Threee Point West,PC/CPA/0000071/01-16R,23/01/2016,22/01/2017,As a Contractor Party to Petroleum Agreement in respect of Deepwater Cape Three Points West Offshore Block,2016-01-23,2017-01-22,365.0,False,False,False,False,False,False,False,False,Contractor Party to Petroleum Agreement,A-Z
144,A-Z Petroleum Products Ghana Limited,Contractor Party to Petroleum Agreement,Deepwater Cape Threee Point West,PC/CPA/0000072/01-17R,23/01/2017,22/01/2018,As a Contractor Party to Petroleum Agreement in respect of Deepwater Cape Three Points West Offshore Block,2017-01-23,2018-01-22,364.0,False,False,False,False,False,False,False,False,Contractor Party to Petroleum Agreement,A-Z
145,A-Z Petroleum Products Ghana Limited,Contractor Party to Petroleum Agreement,Deepwater Cape Threee Point West,PC/CPA/0000073/01-18R,23/01/2018,22/01/2019,As a Contractor Party to Petroleum Agreement in respect of Deepwater Cape Three Points West Offshore Block,2018-01-23,2019-01-22,364.0,False,False,False,False,False,False,False,False,Contractor Party to Petroleum Agreement,A-Z
146,A-Z Petroleum Products Ghana Limited,Contractor Party to Petroleum Agreement,Deepwater Cape Threee Point West,PC/CPA/0000074/01-19R,23/01/2019,22/01/2020,As a Contractor Party to Petroleum Agreement in respect of Deepwater Cape Three Points West Offshore Block,2019-01-23,2020-01-22,364.0,False,False,False,False,False,False,False,False,Contractor Party to Petroleum Agreement,A-Z
147,A-Z Petroleum Products Ghana Limited,Contractor Party to Petroleum Agreement,Deepwater Cape Threee Point West,PC/CPA/0000075/01-20R,23/01/2020,22/01/2021,As a Contractor Party to Petroleum Agreement in respect of Deepwater Cape Three Points West Offshore Block,2020-01-23,2021-01-22,365.0,False,False,False,False,False,False,False,False,Contractor Party to Petroleum Agreement,A-Z
148,A-Z Petroleum Products Ghana Limited,Contractor Party to Petroleum Agreement,Deepwater Cape Threee Point West,PC/CPA/0000082/01-21R,23/01/2021,22/01/2022,As a Contractor Party to Petroleum Agreement in respect of Deepwater Cape Three Points West Offshore Block,2021-01-23,2022-01-22,364.0,False,False,False,False,False,False,False,False,Contractor Party to Petroleum Agreement,A-Z
149,A-Z Petroleum Products Ghana Limited,Contractor Party to Petroleum Agreement,Deepwater Cape Threee Point West,PC/CPA/0000119/01-22R,23/01/2022,22/01/2023,As a Contractor Party to Petroleum Agreement in respect of Deepwater Cape Three Points West Offshore Block,2022-01-23,2023-01-22,364.0,False,False,False,False,False,False,False,False,Contractor Party to Petroleum Agreement,A-Z
150,A-Z Petroleum Products Ghana Limited,Contractor Party to Petroleum Agreement,Deepwater Cape Threee Point West,PC/CPA/0000137/01-23R,23/01/2023,22/01/2024,As a Contractor Party to Petroleum Agreement in respect of Deepwater Cape Three Points West Offshore Block,2023-01-23,2024-01-22,364.0,False,False,False,False,False,False,False,False,Contractor Party to Petroleum Agreement,A-Z
151,Petrogulf Limited,Contractor Party to Petroleum Agreement,Deepwater Cape Threee Point West,PC/CPA/0000014/01-18,10/05/2018,09/05/2019,As a Contractor Party to Petroleum Agreement in respect of Deepwater Cape Three Points West Offshore Block,2018-05-10,2019-05-09,364.0,False,False,False,False,False,False,False,False,Contractor Party to Petroleum Agreement,PETROGULF
152,Petrogulf Limited,Contractor Party to Petroleum Agreement,Deepwater Cape Threee Point West,PC/CPA/0000043/01-19R,10/05/2019,09/05/2020,As a Contractor Party to Petroleum Agreement in respect of Deepwater Cape Three Points West Offshore Block,2019-05-10,2020-05-09,365.0,False,False,False,False,False,False,False,False,Contractor Party to Petroleum Agreement,PETROGULF
153,GNPC Exploration and Production Company Limited,Contractor Party to Petroleum Agreement,Deepwater Cape Threee Point West,PC/CPA/0000152/04-24,18/04/2024,17/04/2025,As a Contractor Party to Petroleum Agreement in respect of Deepwater Cape Three Points West Offshore Block,2024-04-18,2025-04-17,364.0,False,False,False,False,False,False,False,False,Contractor Party to Petroleum Agreement,GNPC
154,Heritage Exploration and Production Ghana Limited,Exploration and Development Permit,Offshore South West Tano,PC/002/E&P/11-14,28/11/2014,27/11/2015,Permit to undertake Exploration,2014-11-28,2015-11-27,364.0,False,False,False,False,True,False,False,False,Exploration and Development Permit,HERITAGE
155,Heritage Exploration and Production Ghana Limited,Exploration and Development Permit,Offshore South West Tano,PC/019/E&P/11-15R,28/11/2015,27/11/2016,Permit to undertake Exploration,2015-11-28,2016-11-27,365.0,False,False,False,False,True,False,False,False,Exploration and Development Permit,HERITAGE
156,Heritage Exploration and Production Ghana Limited,Contractor Party to Petroleum Agreement,Offshore South West Tano,PC/CPA/0000004/11-16R,28/11/2016,27/11/2017,As a Contractor Party to Petroleum Agreement in respect of Offshore Southwest Tano Block,2016-11-28,2017-11-27,364.0,False,False,False,False,True,False,False,False,Contractor Party to Petroleum Agreement,HERITAGE
157,Heritage Exploration and Production Ghana Limited,Contractor Party to Petroleum Agreement,Offshore South West Tano,PC/CPA/0000037/11-17R,28/11/2017,27/11/2018,As a Contractor Party to Petroleum Agreement in respect of Offshore Southwest Tano Block,2017-11-28,2018-11-27,364.0,False,False,False,False,False,False,False,False,Contractor Party to Petroleum Agreement,HERITAGE
158,Heritage Exploration and Production Ghana Limited,Contractor Party to Petroleum Agreement,Offshore South West Tano,PC/CPA/0000038/11-18R,28/11/2018,27/11/2019,As a Contractor Party to Petroleum Agreement in respect of Offshore Southwest Tano Block,2018-11-28,2019-11-27,364.0,False,False,False,False,False,False,False,False,Contractor Party to Petroleum Agreement,HERITAGE
159,Heritage Exploration and Production Ghana Limited,Contractor Party to Petroleum Agreement,Offshore South West Tano,PC/CPA/0000039/11-19R,28/11/2019,27/11/2020,As a Contractor Party to Petroleum Agreement in respect of Offshore Southwest Tano Block,2019-11-28,2020-11-27,365.0,False,False,False,False,False,False,False,False,Contractor Party to Petroleum Agreement,HERITAGE
160,Heritage Exploration and Production Ghana Limited,Contractor Party to Petroleum Agreement,Offshore South West Tano,PC/CPA/0000093/11-20R,28/11/2020,27/11/2021,As a Contractor Party to Petroleum Agreement in respect of Offshore Southwest Tano Block,2020-11-28,2021-11-27,364.0,False,False,False,False,False,False,False,False,Contractor Party to Petroleum Agreement,HERITAGE
161,Heritage Exploration and Production Ghana Limited,Contractor Party to Petroleum Agreement,Offshore South West Tano,PC/CPA/0000100/11-21R,28/11/2021,27/11/2022,As a Contractor Party to Petroleum Agreement in respect of Offshore Southwest Tano Block,2021-11-28,2022-11-27,364.0,False,False,False,False,False,False,False,False,Contractor Party to Petroleum Agreement,HERITAGE
162,Heritage Exploration and Production Ghana Limited,Contractor Party to Petroleum Agreement,Offshore South West Tano,PC/CPA/0000124/11-22R,28/11/2022,27/11/2023,As a Contractor Party to Petroleum Agreement in respect of Offshore Southwest Tano Block,2022-11-28,2023-11-27,364.0,False,False,False,False,False,False,False,False,Contractor Party to Petroleum Agreement,HERITAGE
163,Heritage Exploration and Production Ghana Limited,Contractor Party to Petroleum Agreement,Offshore South West Tano,PC/CPA/0000148/11-23R,28/11/2023,27/11/2024,As a Contractor Party to Petroleum Agreement in respect of Offshore Southwest Tano Block,2023-11-28,2024-11-27,365.0,False,False,False,False,False,False,False,False,Contractor Party to Petroleum Agreement,HERITAGE
164,Blue Star Exploration Ghana Limited,Registration Permit,Offshore South West Tano,PC/000237/A/08-14,21/08/2014,20/08/2015,Permit to undertake Exploration and Development and Production,2014-08-21,2015-08-20,364.0,False,False,False,False,True,False,False,False,Registration Permit,BLUE STAR
165,Blue Star Exploration Ghana Limited,Exploration and Development Permit,Offshore South West Tano,PC/018/E&P/08-15R,21/08/2015,20/08/2016,Permit to undertake Exploration and Development,2015-08-21,2016-08-20,365.0,False,False,False,False,True,False,False,False,Exploration and Development Permit,BLUE STAR
166,Blue Star Exploration Ghana Limited,Exploration and Development Permit,Offshore South West Tano,PC/028/E&P/08-16R,21/08/2016,20/08/2017,Permit to undertake Exploration and Development,2016-08-21,2017-08-20,364.0,False,False,False,False,True,False,False,False,Exploration and Development Permit,BLUE STAR
167,Blue Star Exploration Ghana Limited,Contractor Party to Petroleum Agreement,Offshore South West Tano,PC/CPA/0000033/08-17R,21/08/2017,20/08/2018,As a Contractor Party to Petroleum Agreement in respect of Offshore Southwest Tano Block,2017-08-21,2018-08-20,364.0,False,False,False,False,False,False,False,False,Contractor Party to Petroleum Agreement,BLUE STAR
168,Blue Star Exploration Ghana Limited,Contractor Party to Petroleum Agreement,Offshore South West Tano,PC/CPA/0000034/08-18R,21/08/2018,20/08/2019,As a Contractor Party to Petroleum Agreement in respect of Offshore Southwest Tano Block,2018-08-21,2019-08-20,364.0,False,False,False,False,False,False,False,False,Contractor Party to Petroleum Agreement,BLUE STAR
169,Blue Star Exploration Ghana Limited,Contractor Party to Petroleum Agreement,Offshore South West Tano,PC/CPA/0000076/08-19R,21/08/2019,20/08/2020,As a Contractor Party to Petroleum Agreement in respect of Offshore Southwest Tano Block,2019-08-21,2020-08-20,365.0,False,False,False,False,False,False,False,False,Contractor Party to Petroleum Agreement,BLUE STAR
170,Blue Star Exploration Ghana Limited,Contractor Party to Petroleum Agreement,Offshore South West Tano,PC/CPA/0000092/08-20R,21/08/2020,20/08/2021,As a Contractor Party to Petroleum Agreement in respect of Offshore Southwest Tano Block,2020-08-21,2021-08-20,364.0,False,False,False,False,False,False,False,False,Contractor Party to Petroleum Agreement,BLUE STAR
171,GNPC Exploration and Production Company Limited,Contractor Party to Petroleum Agreement,Offshore South West Tano,PC/CPA/0000151/04-24,18/04/2024,17/04/2025,As a Contractor Party to Petroleum Agreement in respect of Offshore Southwest Tano Block,2024-04-18,2025-04-17,364.0,False,False,False,False,False,False,False,False,Contractor Party to Petroleum Agreement,GNPC
172,Medea Development Limited,Registration Permit,East Cape Three Points,PC/000213/A/06-14,05/06/2014,04/06/2015,Permit to undertake Exploration,2014-06-05,2015-06-04,364.0,False,False,False,False,False,False,False,False,Registration Permit,MEDEA
173,Medea Development Limited,Exploration and Development Permit,East Cape Three Points,PC/006/E&P/06-15R,05/06/2015,04/06/2016,Permit to undertake Exploration,2015-06-05,2016-06-04,365.0,False,False,False,False,False,False,False,False,Exploration and Development Permit,MEDEA
174,Medea Development Limited,Exploration and Development Permit,East Cape Three Points,PC/027/E&P/06-16R,05/06/2016,04/06/2017,Permit to undertake Exploration,2016-06-05,2017-06-04,364.0,False,False,False,False,False,False,False,False,Exploration and Development Permit,MEDEA
175,Medea Development Limited,Exploration and Development Permit,East Cape Three Points,PC/EDP/0000001/06-17R,05/06/2017,04/06/2018,As Operator in respect of East Cape Three Points Block,2017-06-05,2018-06-04,364.0,False,False,False,False,False,False,False,False,Exploration and Development Permit,MEDEA
176,Medea Development Limited,Contractor Party to Petroleum Agreement,East Cape Three Points,PC/CPA/0000025/06-18R,05/06/2018,04/06/2019,As a Contractor Party to Petroleum Agreement in respect of East Cape Three Points Block,2018-06-05,2019-06-04,364.0,False,False,False,False,False,False,False,False,Contractor Party to Petroleum Agreement,MEDEA
177,Medea Development Limited,Exploration and Development Permit,East Cape Three Points,PC/EDP/0000012/06-18R,05/06/2018,04/06/2019,As Operator in respect of East Cape Three Points Block,2018-06-05,2019-06-04,364.0,False,False,False,False,False,False,False,False,Exploration and Development Permit,MEDEA
178,Cola Natural Resources Ghana Limited,Contractor Party to Petroleum Agreement,East Cape Three Points,PC/CPA/0000036/03-19,21/03/2019,20/03/2020,As a Contractor Party to Petroleum Agreement in respect of East Cape Three Points Block,2019-03-21,2020-03-20,365.0,False,False,False,False,False,False,False,False,Contractor Party to Petroleum Agreement,COLA
179,Cola Natural Resources Ghana Limited,Contractor Party to Petroleum Agreement,East Cape Three Points,PC/CPA/0000086/03-20R,21/03/2020,20/03/2021,As a Contractor Party to Petroleum Agreement in respect of East Cape Three Points Block,2020-03-21,2021-03-20,364.0,False,False,False,False,False,False,False,False,Contractor Party to Petroleum Agreement,COLA
180,Cola Natural Resources Ghana Limited,Contractor Party to Petroleum Agreement,East Cape Three Points,PC/CPA/0000087/03-21R,21/03/2021,20/03/2022,As a Contractor Party to Petroleum Agreement in respect of East Cape Three Points Block,2021-03-21,2022-03-20,364.0,False,False,False,False,False,False,False,False,Contractor Party to Petroleum Agreement,COLA
181,Amni International Petroleum Development Company Limited,Registration Permit,Central Tano Block,PC/000264/A/10-14,21/10/2014,20/10/2015,Permit to undertake Exploration,2014-10-21,2015-10-20,364.0,False,False,False,False,False,False,False,False,Registration Permit,AMNI
182,Amni International Petroleum Development Company Limited,Exploration and Development Permit,Central Tano Block,PC/EDP/0000015/10-16R,21/10/2016,20/10/2017,As Operator in respect of Central Tano Block,2016-10-21,2017-10-20,364.0,False,False,False,False,False,False,False,False,Exploration and Development Permit,AMNI
183,Amni International Petroleum Development Company Limited,Exploration and Development Permit,Central Tano Block,PC/EDP/0000016/10-17R,21/10/2017,20/10/2018,As Operator in respect of Central Tano Block,2017-10-21,2018-10-20,364.0,False,False,False,False,False,False,False,False,Exploration and Development Permit,AMNI
184,Amni International Petroleum Development Company Limited,Exploration and Development Permit,Central Tano Block,PC/EDP/0000016/10-18R,21/10/2018,20/10/2019,As Operator in respect of Central Tano Block,2018-10-21,2019-10-20,364.0,False,False,False,False,False,False,False,False,Exploration and Development Permit,AMNI
185,Amni International Petroleum Development Company Limited,Exploration and Development Permit,Central Tano Block,PC/EDP/0000023/10-19R,21/10/2019,20/10/2020,As Operator in respect of Central Tano Block,2019-10-21,2020-10-20,365.0,False,False,False,False,False,False,False,False,Exploration and Development Permit,AMNI
186,Amni International Petroleum Development Company Limited,Exploration and Development Permit,Central Tano Block,PC/EDP/0000034/10-20R,21/10/2020,20/10/2021,As Operator in respect of Central Tano Block,2020-10-21,2021-10-20,364.0,False,False,False,False,False,False,False,False,Exploration and Development Permit,AMNI
187,Amni International Petroleum Development Company Limited,Exploration and Development Permit,Central Tano Block,PC/EDP/0000037/10-21R,21/10/2021,20/10/2022,As Operator in respect of Central Tano Block,2021-10-21,2022-10-20,364.0,False,False,False,False,False,False,False,False,Exploration and Development Permit,AMNI
188,Amni International Petroleum Development Company Limited,Exploration and Development Permit,Central Tano Block,PC/EDP/0000042/10-22R,21/10/2022,20/10/2023,As Operator in respect of Central Tano Block,2022-10-21,2023-10-20,364.0,False,False,False,False,False,False,False,False,Exploration and Development Permit,AMNI
189,Amni International Petroleum Development Company Limited,Exploration and Development Permit,Central Tano Block,PC/EDP/0000044/10-23R,21/10/2023,20/10/2024,As Operator in respect of Central Tano Block,2023-10-21,2024-10-20,365.0,False,False,False,False,False,False,False,False,Exploration and Development Permit,AMNI
190,Amni International Petroleum Development Company Limited,Contractor Party to Petroleum Agreement,Central Tano Block,PC/CPA/0000028/10-16R,21/10/2016,20/10/2017,As a Contractor Party to Petroleum Agreement in respect of Central Tano Block,2016-10-21,2017-10-20,364.0,False,False,False,False,False,False,False,False,Contractor Party to Petroleum Agreement,AMNI
191,Amni International Petroleum Development Company Limited,Contractor Party to Petroleum Agreement,Central Tano Block,PC/CPA/0000029/10-17R,21/10/2017,20/10/2018,As a Contractor Party to Petroleum Agreement in respect of Central Tano Block,2017-10-21,2018-10-20,364.0,False,False,False,False,False,False,False,False,Contractor Party to Petroleum Agreement,AMNI
192,Amni International Petroleum Development Company Limited,Contractor Party to Petroleum Agreement,Central Tano Block,PC/CPA/0000030/10-18R,21/10/2018,20/10/2019,As a Contractor Party to Petroleum Agreement in respect of Central Tano Block,2018-10-21,2019-10-20,364.0,False,False,False,False,False,False,False,False,Contractor Party to Petroleum Agreement,AMNI
193,Amni International Petroleum Development Company Limited,Contractor Party to Petroleum Agreement,Central Tano Block,PC/CPA/0000050/10-19R,21/10/2019,20/10/2020,As a Contractor Party to Petroleum Agreement in respect of Central Tano Block,2019-10-21,2020-10-20,365.0,False,False,False,False,False,False,False,False,Contractor Party to Petroleum Agreement,AMNI
194,Amni International Petroleum Development Company Limited,Contractor Party to Petroleum Agreement,Central Tano Block,PC/CPA/0000127/10-20R,21/10/2020,20/10/2021,As a Contractor Party to Petroleum Agreement in respect of Central Tano Block,2020-10-21,2021-10-20,364.0,False,False,False,False,False,False,False,False,Contractor Party to Petroleum Agreement,AMNI
195,Amni International Petroleum Development Company Limited,Contractor Party to Petroleum Agreement,Central Tano Block,PC/CPA/0000128/10-21R,21/10/2021,20/10/2022,As a Contractor Party to Petroleum Agreement in respect of Central Tano Block,2021-10-21,2022-10-20,364.0,False,False,False,False,False,False,False,False,Contractor Party to Petroleum Agreement,AMNI
196,Amni International Petroleum Development Company Limited,Contractor Party to Petroleum Agreement,Central Tano Block,PC/CPA/0000135/10-22R,21/10/2022,20/10/2023,As a Contractor Party to Petroleum Agreement in respect of Central Tano Block,2022-10-21,2023-10-20,364.0,False,False,False,False,False,False,False,False,Contractor Party to Petroleum Agreement,AMNI
197,Amni International Petroleum Development Company Limited,Contractor Party to Petroleum Agreement,Central Tano Block,PC/CPA/0000143/10-23R,21/10/2023,20/10/2024,As a Contractor Party to Petroleum Agreement in respect of Central Tano Block,2023-10-21,2024-10-20,365.0,False,False,False,False,False,False,False,False,Contractor Party to Petroleum Agreement,AMNI
198,Heritage Exploration and Production Ghana Limited,Exploration and Development Permit,East Keta Offshore,PC/002/E&P/11-14,28/11/2014,27/11/2015,Permit to undertake Exploration,2014-11-28,2015-11-27,364.0,False,False,False,False,True,False,False,False,Exploration and Development Permit,HERITAGE
199,Heritage Exploration and Production Ghana Limited,Exploration and Development Permit,East Keta Offshore,PC/019/E&P/11-15R,28/11/2015,27/11/2016,Permit to undertake Exploration,2015-11-28,2016-11-27,365.0,False,False,False,False,True,False,False,False,Exploration and Development Permit,HERITAGE
200,Heritage Exploration and Production Ghana Limited,Contractor Party to Petroleum Agreement,East Keta Offshore,PC/CPA/0000004/11-16R,28/11/2016,27/11/2017,As a Contractor Party to Petroleum Agreement in respect of South West Tano Block and East Keta Block,2016-11-28,2017-11-27,364.0,False,False,False,False,True,False,False,False,Contractor Party to Petroleum Agreement,HERITAGE
201,Blue Star Exploration Ghana Limited,Registration Permit,East Keta Offshore,PC/000237/A/08-14,21/08/2014,20/08/2015,Permit to undertake Exploration and Development and Production,2014-08-21,2015-08-20,364.0,False,False,False,False,True,False,False,False,Registration Permit,BLUE STAR
202,Blue Star Exploration Ghana Limited,Exploration and Development Permit,East Keta Offshore,PC/018/E&P/08-15R,21/08/2015,20/08/2016,Permit to undertake Exploration and Development,2015-08-21,2016-08-20,365.0,False,False,False,False,True,False,False,False,Exploration and Development Permit,BLUE STAR
203,Blue Star Exploration Ghana Limited,Exploration and Development Permit,East Keta Offshore,PC/028/E&P/08-16R,21/08/2016,20/08/2017,Permit to undertake Exploration and Development,2016-08-21,2017-08-20,364.0,False,False,False,False,True,False,False,False,Exploration and Development Permit,BLUE STAR
204,ExxonMobil Exploration and Production Ghana (Deepwater) Limited,Exploration and Development Permit,Deepwater Cape Three Points,PC/EDP/0000019/07-19,12/07/2019,11/07/2020,As Operator in respect of Deepwater Cape Three Points Contract Area,2019-07-12,2020-07-11,365.0,False,False,False,False,False,False,False,False,Exploration and Development Permit,EXXONMOBIL
205,ExxonMobil Exploration and Production Ghana (Deepwater) Limited,Exploration and Development Permit,Deepwater Cape Three Points,PC/EDP/0000028/07-20R,12/07/2020,11/07/2021,As Operator in respect of Deepwater Cape Three Points Contract Area,2020-07-12,2021-07-11,364.0,False,False,False,False,False,False,False,False,Exploration and Development Permit,EXXONMOBIL
206,ExxonMobil Exploration and Production Ghana (Deepwater) Limited,Contractor Party to Petroleum Agreement Certificate of Registration,Deepwater Cape Three Points,PC/CPA/0000044/07-19,12/07/2019,11/07/2020,As a Contractor Party to Petroleum Agreement in respect of Deepwater Cape Three Points Contract Area,2019-07-12,2020-07-11,365.0,False,False,False,False,False,False,False,False,Contractor Party to Petroleum Agreement Certificate of Registration,EXXONMOBIL
207,ExxonMobil Exploration and Production Ghana (Deepwater) Limited,Contractor Party to Petroleum Agreement Certificate of Registration,Deepwater Cape Three Points,PC/CPA/0000067/07-20R,12/07/2020,11/07/2021,As a Contractor Party to Petroleum Agreement in respect of Deepwater Cape Three Points Contract Area,2020-07-12,2021-07-11,364.0,False,False,False,False,False,False,False,False,Contractor Party to Petroleum Agreement Certificate of Registration,EXXONMOBIL
208,Goil Offshore Ghana Limited,Contractor Party to Petroleum Agreement Certificate of Registration,Deepwater Cape Three Points,PC/CPA/0000062/04-20,03/04/2020,02/04/2021,As a Contractor Party to Petroleum Agreement in respect of Deepwater Cape Three Points Contract Area,2020-04-03,2021-04-02,364.0,False,False,False,False,False,False,False,False,Contractor Party to Petroleum Agreement Certificate of Registration,GOIL
209,Goil Offshore Ghana Limited,Contractor Party to Petroleum Agreement Certificate of Registration,Deepwater Cape Three Points,PC/CPA/0000088/04-21R,03/04/2021,02/04/2022,As a Contractor Party to Petroleum Agreement in respect of Deepwater Cape Three Points Contract Area,2021-04-03,2022-04-02,364.0,False,False,False,False,False,False,False,False,Contractor Party to Petroleum Agreement Certificate of Registration,GOIL
210,Goil Offshore Ghana Limited,Contractor Party to Petroleum Agreement Certificate of Registration,Deepwater Cape Three Points,PC/CPA/0000117/04-22R,03/04/2022,02/04/2023,As a Contractor Party to Petroleum Agreement in respect of Deepwater Cape Three Points Contract Area,2022-04-03,2023-04-02,364.0,False,False,False,False,False,False,False,False,Contractor Party to Petroleum Agreement Certificate of Registration,GOIL
211,GOIL Upstream Limited,Contractor Party to Petroleum Agreement Certificate of Registration,Deepwater Cape Three Points,PC/CPA/0000139/04-23R,03/04/2023,02/04/2024,As a Contractor Party to Petroleum Agreement in respect of Deepwater Cape Three Points Contract Area,2023-04-03,2024-04-02,365.0,False,False,False,False,False,False,False,False,Contractor Party to Petroleum Agreement Certificate of Registration,GOIL
212,GOIL Upstream Limited,Contractor Party to Petroleum Agreement Certificate of Registration,Deepwater Cape Three Points,PC/CPA/0000164/04-24R,03/04/2024,02/04/2025,As a Contractor Party to Petroleum Agreement in respect of Deepwater Cape Three Points Contract Area,2024-04-03,2025-04-02,364.0,False,False,False,False,False,False,False,False,Contractor Party to Petroleum Agreement Certificate of Registration,GOIL
213,Springfield Exploration & Production Limited,Exploration and Development Permit,West Cape 3 Points Block 2,PC/010/E&P/07-15,14/07/2015,13/07/2016,Permit to undertake Exploration,2015-07-14,2016-07-13,365.0,False,False,False,False,False,False,False,False,Exploration and Development Permit,SPRINGFIELD
214,Springfield Exploration & Production Limited,Exploration and Development Permit,West Cape 3 Points Block 2,PC/031/E&P/07-16R,14/07/2016,13/07/2017,Permit to undertake Exploration,2016-07-14,2017-07-13,364.0,False,False,False,False,False,False,False,False,Exploration and Development Permit,SPRINGFIELD
215,Springfield Exploration & Production Limited,Contractor Party to Petroleum Agreement,West Cape 3 Points Block 2,PC/CPA/00000024/07-17R,14/07/2017,13/07/2018,As a Contractor Party to Petroleum Agreement in respect of West Cape Three Points Block 2,2017-07-14,2018-07-13,364.0,False,False,False,False,False,False,False,False,Contractor Party to Petroleum Agreement,SPRINGFIELD
216,Springfield Exploration & Production Limited,Exploration and Development Permit,West Cape 3 Points Block 2,PC/EDP/0000011/07-17R,14/07/2017,13/07/2018,As Operator in respect of West Cape Three Points Block 2,2017-07-14,2018-07-13,364.0,False,False,False,False,False,False,False,False,Exploration and Development Permit,SPRINGFIELD
217,Springfield Exploration & Production Limited,Contractor Party to Petroleum Agreement,West Cape 3 Points Block 2,PC/CPA/0000027/07-18R,14/07/2018,13/07/2019,As a Contractor Party to Petroleum Agreement in respect of West Cape Three Points Block 2,2018-07-14,2019-07-13,364.0,False,False,False,False,False,False,False,False,Contractor Party to Petroleum Agreement,SPRINGFIELD
218,Springfield Exploration & Production Limited,Exploration and Development Permit,West Cape 3 Points Block 2,PC/EDP/0000014/07-18R,14/07/2018,13/07/2019,As Operator in respect of West Cape Three Points Block 2,2018-07-14,2019-07-13,364.0,False,False,False,False,False,False,False,False,Exploration and Development Permit,SPRINGFIELD
219,Springfield Exploration & Production Limited,Contractor Party to Petroleum Agreement,West Cape 3 Points Block 2,PC/CPA/0000063/07-19R,14/07/2019,13/07/2020,As a Contractor Party to Petroleum Agreement in respect of West Cape Three Points Block 2,2019-07-14,2020-07-13,365.0,False,False,False,False,False,False,False,False,Contractor Party to Petroleum Agreement,SPRINGFIELD
220,Springfield Exploration & Production Limited,Exploration and Development Permit,West Cape 3 Points Block 2,PC/EDP/0000026/07-19R,14/07/2019,13/07/2020,As Operator in respect of West Cape Three Points Block 2,2019-07-14,2020-07-13,365.0,False,False,False,False,False,False,False,False,Exploration and Development Permit,SPRINGFIELD
221,GNPC Exploration and Production Company Limited,Contractor Party to Petroleum Agreement,West Cape 3 Points Block 2,PC/CPA/0000150/04-24,18/04/2024,17/04/2025,As a Contractor Party to Petroleum Agreement in respect of Deepwater Cape Three Points West Offshore Block,2024-04-18,2025-04-17,364.0,False,False,False,False,False,False,False,False,Contractor Party to Petroleum Agreement,GNPC
222,Springfield Exploration & Production Limited,Drilling Permit,West Cape 3 Points Block 2,PC/DP/0000007/09-19,10/09/2019,09/03/2020,To drill Oak 1-X Well,2019-09-10,2020-03-09,181.0,False,False,False,False,True,False,False,False,Drilling Permit,SPRINGFIELD
224,Springfield Exploration & Production Limited,Drilling Permit,West Cape 3 Points Block 2,PC/DP/0000009/09-19,10/09/2019,09/03/2020,To drill Afina 1-X Well,2019-09-10,2020-03-09,181.0,False,False,False,False,False,False,False,False,Drilling Permit,SPRINGFIELD
225,Camac Energy Ghana Limited,Exploration and Development Permit,Expanded Shallow Water Tano,PC/014/E&P/11-15,03/11/2015,02/11/2016,Permit to undertake Exploration,2015-11-03,2016-11-02,365.0,False,False,False,False,False,False,False,False,Exploration and Development Permit,CAMAC
226,Base Energy Ghana Limited,Contractor Party to Petroleum Agreement,Expanded Shallow Water Tano,PC/CPA/0000051/01-15,23/01/2015,22/01/2016,As a Contractor Party to Petroleum Agreement in respect of Expanded Shallow Water Tano Contract Area,2015-01-23,2016-01-22,364.0,False,False,False,False,False,False,False,False,Contractor Party to Petroleum Agreement,BASE ENERGY
227,Base Energy Ghana Limited,Contractor Party to Petroleum Agreement,Expanded Shallow Water Tano,PC/CPA/0000052/01-16R,23/01/2016,22/01/2017,As a Contractor Party to Petroleum Agreement in respect of Expanded Shallow Water Tano Contract Area,2016-01-23,2017-01-22,365.0,False,False,False,False,False,False,False,False,Contractor Party to Petroleum Agreement,BASE ENERGY
228,Base Energy Ghana Limited,Contractor Party to Petroleum Agreement,Expanded Shallow Water Tano,PC/CPA/0000053/01-17R,23/01/2017,22/01/2018,As a Contractor Party to Petroleum Agreement in respect of Expanded Shallow Water Tano Contract Area,2017-01-23,2018-01-22,364.0,False,False,False,False,False,False,False,False,Contractor Party to Petroleum Agreement,BASE ENERGY
229,Base Energy Ghana Limited,Contractor Party to Petroleum Agreement,Expanded Shallow Water Tano,PC/CPA/0000054/01-18R,23/01/2018,22/01/2019,As a Contractor Party to Petroleum Agreement in respect of Expanded Shallow Water Tano Contract Area,2018-01-23,2019-01-22,364.0,False,False,False,False,False,False,False,False,Contractor Party to Petroleum Agreement,BASE ENERGY
230,Base Energy Ghana Limited,Contractor Party to Petroleum Agreement,Expanded Shallow Water Tano,PC/CPA/0000055/01-19R,23/01/2019,22/01/2020,As a Contractor Party to Petroleum Agreement in respect of Expanded Shallow Water Tano Contract Area,2019-01-23,2020-01-22,364.0,False,False,False,False,False,False,False,False,Contractor Party to Petroleum Agreement,BASE ENERGY
231,Base Energy Ghana Limited,Contractor Party to Petroleum Agreement,Expanded Shallow Water Tano,PC/CPA/0000069/01-20R,23/01/2020,22/01/2021,As a Contractor Party to Petroleum Agreement in respect of Expanded Shallow Water Tano Contract Area,2020-01-23,2021-01-22,365.0,False,False,False,False,False,False,False,False,Contractor Party to Petroleum Agreement,BASE ENERGY
232,Base Energy Ghana Limited,Contractor Party to Petroleum Agreement,Expanded Shallow Water Tano,PC/CPA/0000083/01-21R,23/01/2021,22/01/2022,As a Contractor Party to Petroleum Agreement in respect of Expanded Shallow Water Tano Contract Area,2021-01-23,2022-01-22,364.0,False,False,False,False,False,False,False,False,Contractor Party to Petroleum Agreement,BASE ENERGY
233,Base Energy Ghana Limited,Contractor Party to Petroleum Agreement,Expanded Shallow Water Tano,PC/CPA/0000101/01-22R,23/01/2022,22/01/2023,As a Contractor Party to Petroleum Agreement in respect of Expanded Shallow Water Tano Contract Area,2022-01-23,2023-01-22,364.0,False,False,False,False,False,False,False,False,Contractor Party to Petroleum Agreement,BASE ENERGY
234,Base Energy Ghana Limited,Contractor Party to Petroleum Agreement,Expanded Shallow Water Tano,PC/CPA/0000145/01-23R,23/01/2023,22/01/2024,As a Contractor Party to Petroleum Agreement in respect of Expanded Shallow Water Tano Contract Area,2023-01-23,2024-01-22,364.0,False,False,False,False,False,False,False,False,Contractor Party to Petroleum Agreement,BASE ENERGY
235,Base Energy Ghana Limited,Contractor Party to Petroleum Agreement,Expanded Shallow Water Tano,PC/EDP/0000038/01-21,23/01/2021,22/01/2022,As Operator in Petroleum Agreement respect of Expanded Shallow Water Tano Contract Area,2021-01-23,2022-01-22,364.0,False,False,False,False,False,False,False,False,Contractor Party to Petroleum Agreement,BASE ENERGY
236,Base Energy Ghana Limited,Contractor Party to Petroleum Agreement,Expanded Shallow Water Tano,PC/EDP/0000039/01-22R,23/01/2022,22/01/2023,As Operator in Petroleum Agreement respect of Expanded Shallow Water Tano Contract Area,2022-01-23,2023-01-22,364.0,False,False,False,False,False,False,False,False,Contractor Party to Petroleum Agreement,BASE ENERGY
237,Base Energy Ghana Limited,Contractor Party to Petroleum Agreement,Expanded Shallow Water Tano,PC/EDP/0000045/01-23R,23/01/2023,22/01/2024,As Operator in Petroleum Agreement respect of Expanded Shallow Water Tano Contract Area,2023-01-23,2024-01-22,364.0,False,False,False,False,False,False,False,False,Contractor Party to Petroleum Agreement,BASE ENERGY
238,GNPC Exploration and Production Company Limited,Contractor Party to Petroleum Agreement,Expanded Shallow Water Tano,PC/CPA/0000153/04-24,18/04/2024,17/04/2025,As a Contractor Party to Petroleum Agreement in respect of Expanded Shallow Water Tano Contract Area,2024-04-18,2025-04-17,364.0,False,False,False,False,False,False,False,False,Contractor Party to Petroleum Agreement,GNPC
239,Tullow Ghana Limited,Registration Permit,Deepwater Tano,PC/000057/A/04-13,02/04/2013,01/04/2014,Permit to undertake Exploration and Development and Production,2013-04-02,2014-04-01,364.0,False,False,False,False,True,False,False,False,Registration Permit,TULLOW
240,Kosmos Energy Ghana HC,Registration Permit,Deepwater Tano,PC/000066/A/04-13,10/04/2013,09/04/2014,Permit to undertake Exploration and Development and Production,2013-04-10,2014-04-09,364.0,False,False,False,False,True,False,False,False,Registration Permit,KOSMOS
241,PetroSA Ghana Limited,Exploration & Production Permit,Deepwater Tano,PC/003/E&P/12-14,10/12/2014,09/12/2015,Permit to undertake Exploration and Development and Production,2014-12-10,2015-12-09,364.0,False,False,False,False,True,False,False,False,Exploration and Production Permit,PETROSA
242,Kosmos Energy Ghana HC,Registration Permit,Deepwater Tano,PC/0010066/A/04-14R,10/04/2014,09/04/2015,Permit to undertake Exploration and Development and Production,2014-04-10,2015-04-09,364.0,False,False,False,False,True,False,False,False,Registration Permit,KOSMOS
243,Tullow Ghana Limited,Registration Permit,Deepwater Tano,PC/001037/A/04-14R,02/04/2014,01/04/2015,Permit to undertake Exploration and Development and Production,2014-04-02,2015-04-01,364.0,False,False,False,False,True,False,False,False,Registration Permit,TULLOW
244,Tullow Ghana Limited,Exploration & Production Permit,Deepwater Tano,PC/009/E&P/04-15R,02/04/2015,01/04/2016,Permit to undertake Exploration and Development and Production,2015-04-02,2016-04-01,365.0,False,False,False,False,True,False,False,False,Exploration and Production Permit,TULLOW
245,Kosmos Energy Ghana HC,Exploration & Production Permit,Deepwater Tano,PC/013/E&P/04-15R,10/04/2015,09/04/2016,Permit to undertake Exploration and Development and Production,2015-04-10,2016-04-09,365.0,False,False,False,False,True,False,False,True,Exploration and Production Permit,KOSMOS
246,PetroSA Ghana Limited,Exploration & Production Permit,Deepwater Tano,PC/017/E&P/12-15R,10/12/2015,09/12/2016,Permit to undertake Exploration and Development and Production,2015-12-10,2016-12-09,365.0,False,False,False,False,True,False,False,False,Exploration and Production Permit,PETROSA
247,Kosmos Energy Ghana HC,Contractor Party to Petroleum Agreement,Deepwater Tano,PC/CPA/0000005/04-16R,10/04/2016,09/04/2017,As a Contractor Party to Petroleum Agreements in respect of the West Cape Three Points and Deep Water Tano Contract Areas,2016-04-10,2017-04-09,364.0,False,False,False,False,True,False,False,False,Contractor Party to Petroleum Agreement,KOSMOS
248,Tullow Ghana Limited,Contractor Party to Petroleum Agreement,Deepwater Tano,PC/CPA/0000006/04-16R,02/04/2016,01/04/2017,As a Contractor Party to Petroleum Agreements in respect of the West Cape Three Points and Deep Water Tano Contract Areas,2016-04-02,2017-04-01,364.0,False,False,False,False,True,False,False,False,Contractor Party to Petroleum Agreement,TULLOW
249,PetroSA Ghana Limited,Contractor Party to Petroleum Agreement,Deepwater Tano,PC/CPA/0000009/12-16R,10/12/2016,09/12/2017,As a Contractor Party to Petroleum Agreements in respect of the West Cape Three Points and Deep Water Tano Contract Areas,2016-12-10,2017-12-09,364.0,False,False,False,False,True,False,False,False,Contractor Party to Petroleum Agreement,PETROSA
250,Kosmos Energy Ghana HC,Contractor Party to Petroleum Agreement,Deepwater Tano,PC/CPA/0000018/04-18R,10/04/2018,09/04/2019,As a Contractor Party to Petroleum Agreements in respect of the West Cape Three Points and Deep Water Tano Contract Areas,2018-04-10,2019-04-09,364.0,False,False,False,False,True,False,False,False,Contractor Party to Petroleum Agreement,KOSMOS
251,PetroSA Ghana Limited,Contractor Party to Petroleum Agreement,Deepwater Tano,PC/CPA/0000035/12-18R,10/12/2018,09/12/2019,As a Contractor Party to Petroleum Agreements in respect of the West Cape Three Points and Deep Water Tano Contract Areas,2018-12-10,2019-12-09,364.0,False,False,False,False,True,False,False,False,Contractor Party to Petroleum Agreement,PETROSA
252,PetroSA Ghana Limited,Contractor Party to Petroleum Agreement,Deepwater Tano,PC/CPA/0000059/12-19R,10/12/2019,09/12/2020,As a Contractor Party to Petroleum Agreement in respect of the Deep Water Tano Contract Area,2019-12-10,2020-12-09,365.0,False,False,False,False,True,False,False,False,Contractor Party to Petroleum Agreement,PETROSA
253,Kosmos Energy Ghana HC,Contractor Party to Petroleum Agreement,Deepwater Tano,PC/CPA/0000065/04-20R,10/04/2020,09/04/2021,As a Contractor Party to Petroleum Agreement in respect of the Deep Water Tano Contract Area,2020-04-10,2021-04-09,364.0,False,False,False,False,True,False,False,False,Contractor Party to Petroleum Agreement,KOSMOS
254,PetroSA Ghana Limited,Contractor Party to Petroleum Agreement,Deepwater Tano,PC/CPA/0000078/12-20R,10/12/2020,09/12/2021,As a Contractor Party to Petroleum Agreement in respect of the Deep Water Tano Contract Area,2020-12-10,2021-12-09,364.0,False,False,False,False,True,False,False,False,Contractor Party to Petroleum Agreement,PETROSA
255,Kosmos Energy Ghana HC,Contractor Party to Petroleum Agreement,Deepwater Tano,PC/CPA/0000085/04-21R,10/04/2021,09/04/2022,As a Contractor Party to Petroleum Agreement in respect of the Deep Water Tano Contract Area,2021-04-10,2022-04-09,364.0,False,False,False,False,True,False,False,False,Contractor Party to Petroleum Agreement,KOSMOS
256,PetroSA Ghana Limited,Contractor Party to Petroleum Agreement,Deepwater Tano,PC/CPA/0000098/12-21R,10/12/2021,09/12/2022,As a Contractor Party to Petroleum Agreement in respect of the Deep Water Tano Contract Area,2021-12-10,2022-12-09,364.0,False,False,False,False,True,False,False,False,Contractor Party to Petroleum Agreement,PETROSA
257,Kosmos Energy Ghana HC,Contractor Party to Petroleum Agreement,Deepwater Tano,PC/CPA/0000103/04-22R,10/04/2022,09/04/2023,As a Contractor Party to Petroleum Agreement in respect of the Deep Water Tano Contract Area,2022-04-10,2023-04-09,364.0,False,False,False,False,True,False,False,False,Contractor Party to Petroleum Agreement,KOSMOS
258,PetroSA Ghana Limited,Contractor Party to Petroleum Agreement,Deepwater Tano,PC/CPA/0000125/12-22R,10/12/2022,09/12/2023,As a Contractor Party to Petroleum Agreement in respect of the Deep Water Tano Contract Area,2022-12-10,2023-12-09,364.0,False,False,False,False,True,False,False,False,Contractor Party to Petroleum Agreement,PETROSA
259,Kosmos Energy Ghana HC,Contractor Party to Petroleum Agreement,Deepwater Tano,PC/CPA/0000130/04-23R,10/04/2023,09/04/2024,As a Contractor Party to Petroleum Agreement in respect of the Deep Water Tano Contract Area,2023-04-10,2024-04-09,365.0,False,False,False,False,True,False,False,False,Contractor Party to Petroleum Agreement,KOSMOS
260,Kosmos Energy Ghana Investments,Contractor Party to Petroleum Agreement,Deepwater Tano,PC/CPA/0000131/05-23,11/05/2023,10/05/2024,As a Contractor Party to Petroleum Agreement in respect of the Deep Water Tano Contract Area,2023-05-11,2024-05-10,365.0,False,False,False,False,True,False,False,False,Contractor Party to Petroleum Agreement,KOSMOS
261,PetroSA Ghana Limited,Contractor Party to Petroleum Agreement,Deepwater Tano,PC/CPA/0000146/12-23R,10/12/2023,09/12/2024,As a Contractor Party to Petroleum Agreement in respect of the Deep Water Tano Contract Area,2023-12-10,2024-12-09,365.0,False,False,False,False,True,False,False,False,Contractor Party to Petroleum Agreement,PETROSA
262,Kosmos Energy Ghana Investments,Contractor Party to Petroleum Agreement,Deepwater Tano,PC/CPA/0000157/05-24R,11/05/2024,10/05/2025,As a Contractor Party to Petroleum Agreement in respect of the Deep Water Tano Contract Area,2024-05-11,2025-05-10,364.0,False,False,False,False,False,False,False,False,Contractor Party to Petroleum Agreement,KOSMOS
263,Kosmos Energy Ghana HC,Contractor Party to Petroleum Agreement,Deepwater Tano,PC/CPA/0000156/04-24R,10/04/2024,09/04/2025,As a Contractor Party to Petroleum Agreement in respect of the Deep Water Tano Contract Area,2024-04-10,2025-04-09,364.0,False,False,False,False,False,False,False,False,Contractor Party to Petroleum Agreement,KOSMOS
264,Tullow Ghana Limited,Drilling Permit,Deepwater Tano,PC/DP/0000013/07-21,21/07/2021,20/01/2022,To drill JAH-P (J57-P) Well,2021-07-21,2022-01-20,183.0,False,False,False,False,True,False,False,False,Drilling Permit,TULLOW
265,Tullow Ghana Limited,Drilling Permit,Deepwater Tano,PC/DP/0000014/08-21,26/08/2021,25/02/2022,To drill NtB-GI (Nt06-GI) Well,2021-08-26,2022-02-25,183.0,False,False,False,False,False,False,False,False,Drilling Permit,TULLOW
266,Tullow Ghana Limited,Drilling Permit,Deepwater Tano,PC/DP/0000021/06-22,09/06/2021,08/12/2022,To drill EnL-P (En21-P) Well,2021-06-09,2022-12-08,547.0,False,False,False,False,False,False,False,False,Drilling Permit,TULLOW
267,Tullow Ghana Limited,Drilling Permit,Deepwater Tano,PC/DP/0000022/06-22,10/06/2021,09/12/2022,To drill NtH-P (Nt11-P) Well,2021-06-10,2022-12-09,547.0,False,False,False,False,True,False,False,False,Drilling Permit,TULLOW
268,Tullow Ghana Limited,Drilling Permit,Deepwater Tano,PC/DP/0000023/06-22,10/06/2021,09/12/2022,To drill NtG-P (Nt10-P) Well,2021-06-10,2022-12-09,547.0,False,False,False,False,False,False,False,False,Drilling Permit,TULLOW
271,Tullow Ghana Limited,Production Permit,Deepwater Tano,PC/PC/0000001/A/04-15R,02/04/2015,01/04/2016,Permit to undertake Production,2015-04-02,2016-04-01,365.0,False,False,False,False,True,False,False,False,Production Permit,TULLOW
272,Amni International Petroleum Development Company (Ghana) Limited,Registration Permit,Central Tano Block,PC/CPA/0000169/10-24R,21/10/2024,20/10/2025,Contractor Party to Petroleum Agreement Certificate of Registration,2024-10-21,2025-10-20,364.0,False,False,False,False,False,False,False,False,Registration Permit,AMNI
273,Heritage Exploration and Production Ghana Ltd,Registration Permit,Offshore South West Tano Contract Area,PC/CPA/0000186/11-25R,25/11/2025,24/11/2026,Contractor Party to Petroleum Agreement Certificate of Registration,2025-11-25,2026-11-24,364.0,False,False,False,False,False,True,False,False,Registration Permit,HERITAGE
274,Petrosa Ghana Limited,Registration Permit,Deepwater Tano Block,PC/CPA/0000187/12-25R,10/12/2025,10/12/2026,Contractor Party to Petroleum Agreement Certificate of Registration,2025-12-10,2026-12-10,365.0,False,False,False,False,False,True,False,False,Registration Permit,PETROSA
275,Petrosa Ghana Limited,Registration Permit,West Cape Three Points Block,PC/CPA/0000188/12-25R,10/12/2025,09/12/2026,Contractor Party to Petroleum Agreement Certificate of Registration,2025-12-10,2026-12-09,364.0,False,False,False,False,False,True,False,False,Registration Permit,PETROSA
276,GNPC Exploration and Production Company Limited,Registration Permit,West Cape Three Points Block,PC/CPA/0000189/12-25R,18/12/2025,17/12/2026,Contractor Party to Petroleum Agreement Certificate of Registration,2025-12-18,2026-12-17,364.0,False,False,False,False,False,True,False,False,Registration Permit,GNPC
277,GNPC Exploration and Production Company Limited,Registration Permit,Deepwater Tano Block,PC/CPA/0000190/12-25R,18/12/2025,17/12/2026,Exploration & Development Certificate of Registration,2025-12-18,2026-12-17,364.0,False,False,False,False,False,True,False,False,Registration Permit,GNPC
278,Vitol Upstream Tano Limited,Registration Permit,Cape Three Points Block 4,PC/CPA/0000191/01-26R,21/01/2026,20/01/2027,Contractor Party to Petroleum Agreement Certificate of Registration,2026-01-21,2027-01-20,364.0,False,False,False,False,False,True,False,False,Registration Permit,VITOL
279,Vitol Upstream Ghana Limited,Registration Permit,Cape Three Points Block 4,PC/CPA/0000192/01-26R,19/01/2026,18/01/2027,Contractor Party to Petroleum Agreement Certificate of Registration,2026-01-19,2027-01-18,364.0,False,False,False,False,False,True,False,False,Registration Permit,VITOL
280,Amni International Petroleum Development Company Limited,Registration Permit,Central Tano Block,PC/CPA/0000193/10-25R,21/10/2025,20/10/2027,Contractor Party to Petroleum Agreement Certificate of Registration,2025-10-21,2027-10-20,729.0,False,False,False,False,False,True,False,False,Registration Permit,AMNI
281,Goil Upstream Ltd,Registration Permit,Deepwater Cape Three Points Contract Area,PC/CPA/0000194/04-26R,03/04/2026,02/04/2027,Contractor Party to Petroleum Agreement Certificate of Registration,2026-04-03,2027-04-02,364.0,False,False,False,False,False,True,False,False,Registration Permit,GOIL
282,Woodfields Upstream Limited,Registration Permit,Cape Three Points Block 4 Contract Area,PC/CPA/0000195/03-26R,27/03/2026,26/03/2027,Contractor Party to Petroleum Agreement Certificate of Registration,2026-03-27,2027-03-26,364.0,False,False,False,False,False,True,False,False,Registration Permit,WOODFIELDS
283,Kosmos Energy Ghana Limited,Registration Permit,West Cape Three Points Block,PC/CPA/0000196/04-26R,10/04/2026,09/04/2027,Contractor Party to Petroleum Agreement Certificate of Registration,2026-04-10,2027-04-09,364.0,False,False,False,False,False,True,False,False,Registration Permit,KOSMOS
284,Kosmos Energy Ghana HC,Registration Permit,Deepwater Tano Block,PC/CPA/0000197/04-26R,10/04/2026,09/04/2027,Contractor Party to Petroleum Agreement Certificate of Registration,2026-04-10,2027-04-09,364.0,False,False,False,False,False,True,False,False,Registration Permit,KOSMOS
285,Kosmos Energy Ghana Investments,Registration Permit,West Cape Three Points Block,PC/CPA/0000198/05-26R,11/05/2026,10/05/2027,Contractor Party to Petroleum Agreement Certificate of Registration,2026-05-11,2027-05-10,364.0,False,False,False,False,False,True,False,False,Registration Permit,KOSMOS
286,Kosmos Energy Ghana Investments,Registration Permit,Deepwater Tano Block,PC/CPA/0000199/05-26R,11/05/2026,10/05/2027,Contractor Party to Petroleum Agreement Certificate of Registration,2026-05-11,2027-05-10,364.0,False,False,False,False,False,True,False,False,Registration Permit,KOSMOS
287,Lukoil Overseas Ghana Limited,Registration Permit,Deepwater Tano / Cape Three Points,PC/CPA/0000200/05-26R,24/05/2026,23/05/2027,Contractor Party to Petroleum Agreement Certificate of Registration,2026-05-24,2027-05-23,364.0,False,False,False,False,False,True,False,False,Registration Permit,LUKOIL
288,Pecan Energies Ghana Limited,Registration Permit,Deepwater Tano / Cape Three Points,PC/CPA/0000201/05-26R,13/05/2026,12/05/2027,Contractor Party to Petroleum Agreement Certificate of Registration,2026-05-13,2027-05-12,364.0,False,False,False,False,False,True,False,False,Registration Permit,PECAN
289,FT Exploration and Production Company Limited,Registration Permit,Cape Three Points Block 4,PC/CPA/0000202/06-26R,19/06/2026,18/06/2027,Contractor Party to Petroleum Agreement Certificate of Registration,2026-06-19,2027-06-18,364.0,False,False,False,False,False,True,False,False,Registration Permit,FT EXPLORATION
290,Eni Exploration and Production Company Limited,Registration Permit,Cape Three Points Block 4 Contract area,PC/CPA/0000203/05-26R,10/05/2026,09/05/2027,Exploration & Development Certificate of Registration,2026-05-10,2027-05-09,364.0,False,False,False,False,False,True,False,False,Registration Permit,ENI
291,Amni International Petroleum Development Company Limited,Registration Permit,Central Tano Block,PC/EDP/0000054/10-25R,21/10/2025,20/10/2026,Exploration & Development Certificate of Registration,2025-10-21,2026-10-20,364.0,False,False,False,False,False,True,False,False,Registration Permit,AMNI
292,Pecan Energies Ghana Limited,Registration Permit,Deepwater Tano / Cape Three Points,PC/EDP/0000055/05-26R,13/05/2026,12/05/2027,Exploration & Development Certificate of Registration,2026-05-13,2027-05-12,364.0,False,False,False,False,False,True,False,False,Registration Permit,PECAN
293,Eni Exploration and Production Company Limited,Registration Permit,Cape Three Points Block 4,PC/EDP/0000056/05-26R,10/05/2026,09/05/2027,Exploration & Development Certificate of Registration,2026-05-10,2027-05-09,364.0,False,False,False,False,False,True,False,False,Registration Permit,ENI
294,Tullow Ghana Limited,Drilling Permit,To drill JAS-P (J74 – P) Well,PC/DP/0000040/10-25,28/10/2025,27/04/2026,To drill JAS-P (J74 – P) Well,2025-10-28,2026-04-27,181.0,False,False,False,False,False,False,False,False,Drilling Permit,TULLOW
295,Tullow Ghana Limited,Drilling Permit,To drill JAT -WI (J73 – WI) Well,PC/DP/0000041/11-25,26/11/2025,27/05/2026,To drill JAT -WI (J73 – WI) Well,2025-11-26,2026-05-27,182.0,False,False,False,False,False,False,False,False,Drilling Permit,TULLOW
296,Tullow Ghana Limited,Drilling Permit,To drill JCH - P (J75 – P) Well,PC/DP/0000042/12-25,09/12/2025,08/06/2026,To drill JCH - P (J75 – P) Well,2025-12-09,2026-06-08,181.0,False,False,False,False,False,False,False,False,Drilling Permit,TULLOW
297,Eni Ghana Exploration and Production Limited,Drilling Permit,To drill OP-3 ST Well,PC/DP/0000043/10-25,07/10/2025,06/04/2026,To drill OP-3 ST Well,2025-10-07,2026-04-06,181.0,False,False,False,False,False,False,False,False,Drilling Permit,ENI
298,Tullow Ghana Limited,Drilling Permit,To drill JAK - P (J76 – P) Well,PC/DP/0000044/03-26,05/03/2026,04/09/2026,To drill JAK - P (J76 – P) Well,2026-03-05,2026-09-04,183.0,False,False,False,False,False,False,False,False,Drilling Permit,TULLOW
299,Tullow Ghana Limited,Drilling Permit,To drill JBV-P (J77 – P) Well,PC/DP/0000045/03-26,05/03/2026,04/09/2026,To drill JBV-P (J77 – P) Well,2026-03-05,2026-09-04,183.0,False,False,False,False,False,False,False,False,Drilling Permit,TULLOW
300,Eni Exploration and Production Company Limited,Drilling Permit,To drill GI-3 ST Well,PC/DP/0000046/06-26,30/06/2026,29/12/2027,To drill GI-3 ST Well,2026-06-30,2027-12-29,547.0,False,False,False,False,False,True,False,False,Drilling Permit,ENI
